Sample_ID,Ch01,Ch02,Ch03,Ch04,Ch05,Ch06,Ch07,Ch08,Ch09,Ch10,Ch11,Ch12
BIO0001,0,0,0,0,1,1,1,1,0,0,0,0
BIO0002,1,1,1,1,0,0,0,0,1,0,0,1
BIO0003,0,0,0,0,0,0,0,0,0,0,0,0
BIO0004,1,0,0,0,1,1,1,1,1,1,1,1
BIO0005,1,0,1,0,0,0,0,0,0,0,0,0
BIO0006,0,1,1,1,0,0,0,0,1,0,1,1
BIO0007,0,0,0,0,0,1,1,1,0,0,1,0
BIO0008,0,0,0,0,0,0,0,0,0,0,0,0
BIO0009,0,1,0,0,0,0,0,0,0,0,0,0
BIO0010,1,0,1,1,0,0,0,0,0,0,0,0
BIO0011,0,0,0,0,0,0,0,0,0,0,1,0
BIO0012,0,0,0,0,0,0,0,0,1,1,1,1
BIO0013,0,1,1,0,1,1,1,1,0,0,0,0
BIO0014,0,0,0,0,1,1,0,1,0,0,0,0
BIO0015,0,0,0,0,0,0,0,0,0,0,0,0
BIO0016,0,0,0,0,0,0,0,0,1,1,1,0
BIO0017,0,0,0,0,1,0,1,1,0,0,0,0
BIO0018,0,0,0,0,0,0,0,0,0,1,1,0
BIO0019,0,0,0,1,0,0,0,0,0,1,1,0
BIO0020,1,0,0,1,0,1,0,0,0,0,0,0
BIO0021,1,0,0,0,0,0,0,0,0,0,0,0
BIO0022,0,0,0,1,0,0,0,0,1,1,0,1
BIO0023,1,0,1,1,1,0,1,1,0,0,0,0
BIO0024,0,1,0,0,1,0,0,0,1,0,0,0
BIO0025,0,0,0,0,0,0,0,0,0,0,0,0
BIO0026,0,0,0,0,0,0,0,0,0,1,1,0
BIO0027,0,0,1,0,0,0,0,0,0,0,0,0
BIO0028,0,0,0,0,1,1,1,1,0,1,0,0
BIO0029,0,0,0,0,0,0,0,0,0,0,1,1
BIO0030,0,0,0,0,0,1,1,1,0,0,0,0
BIO0031,0,0,0,0,0,0,0,0,0,1,0,1
BIO0032,0,0,0,0,0,0,0,0,0,0,1,1
BIO0033,0,0,0,0,0,1,0,1,0,0,0,0
BIO0034,0,0,0,0,0,0,0,0,0,0,0,0
BIO0035,1,1,1,1,0,0,0,0,0,1,1,0
BIO0036,0,0,0,0,1,1,1,1,0,0,0,0
BIO0037,0,0,1,0,0,1,1,1,0,0,0,0
BIO0038,0,0,0,0,0,0,0,0,1,1,0,1
BIO0039,1,0,1,1,0,0,0,0,1,1,1,1
BIO0040,1,1,1,1,0,0,0,0,0,0,0,0
BIO0041,1,1,1,1,0,0,0,0,0,0,0,0
BIO0042,0,0,0,0,0,1,0,0,1,1,1,0
BIO0043,0,0,0,0,0,0,0,0,1,0,1,1
BIO0044,0,0,0,0,1,1,0,1,0,0,0,0
BIO0045,0,0,0,0,0,0,0,0,0,1,0,1
BIO0046,1,0,0,1,0,0,0,0,0,0,0,0
BIO0047,0,1,0,1,0,0,0,1,1,1,1,0
BIO0048,0,0,0,0,1,1,1,1,1,1,1,1
BIO0049,1,1,1,0,0,0,0,0,0,0,0,0
BIO0050,0,0,0,0,0,0,0,0,1,1,1,1
BIO0051,0,0,0,0,0,0,0,1,0,0,0,0
BIO0052,1,1,0,1,1,1,0,1,1,1,1,1
BIO0053,1,0,0,0,1,0,1,0,1,0,1,1
BIO0054,0,0,0,1,1,0,0,0,0,1,0,0
BIO0055,1,0,1,1,1,1,1,1,1,1,1,0
BIO0056,0,1,1,1,0,0,0,0,1,1,1,1
BIO0057,0,1,1,1,0,0,0,1,0,0,1,1
BIO0058,0,0,0,0,0,0,0,0,0,0,0,0
BIO0059,0,1,0,0,0,0,0,0,0,1,1,1
BIO0060,1,1,1,1,0,0,0,0,1,1,0,1
BIO0061,0,0,0,0,0,0,0,0,0,1,1,1
BIO0062,0,0,1,0,0,0,0,0,0,0,0,0
BIO0063,0,0,0,0,0,0,0,0,0,0,0,0
BIO0064,1,0,1,0,0,1,0,1,1,0,0,1
BIO0065,0,0,0,1,1,1,1,1,1,1,1,1
BIO0066,0,0,0,0,0,0,0,0,1,1,1,1
BIO0067,0,0,0,0,1,1,1,1,0,1,1,0
BIO0068,0,0,0,1,0,0,0,0,0,1,1,1
BIO0069,0,0,0,0,1,0,1,1,1,1,1,1
BIO0070,0,0,0,0,1,1,1,1,0,0,0,0
BIO0071,1,1,1,1,0,0,1,1,0,0,0,0
BIO0072,0,0,0,0,1,1,1,1,1,1,1,1
BIO0073,0,0,0,0,0,0,0,0,0,0,0,0
BIO0074,0,0,1,0,0,0,0,0,0,0,0,0
BIO0075,0,0,0,0,0,1,0,1,1,1,1,1
BIO0076,0,0,0,0,1,1,1,1,1,0,1,1
BIO0077,0,1,1,1,1,1,1,1,1,1,0,1
BIO0078,0,0,0,0,0,0,0,0,1,1,1,1
BIO0079,0,0,0,0,0,0,0,0,0,0,0,0
BIO0080,0,0,0,0,0,0,0,0,0,1,0,0
BIO0081,0,0,0,0,0,1,0,1,0,0,0,0
BIO0082,1,0,1,1,1,0,1,1,0,0,0,0
BIO0083,0,0,0,0,1,1,1,1,0,0,0,0
BIO0084,0,0,0,0,0,0,0,0,1,0,1,1
BIO0085,0,0,1,0,1,1,1,1,0,0,0,0
BIO0086,0,0,0,0,0,0,0,0,0,0,0,0
BIO0087,0,1,0,1,0,0,0,0,0,0,0,0
BIO0088,0,0,0,0,0,0,0,0,1,0,0,0
BIO0089,0,0,0,0,0,0,0,0,0,0,0,0
BIO0090,1,1,1,1,1,1,1,1,0,0,0,0
BIO0091,0,1,1,0,1,0,1,1,0,0,1,0
BIO0092,0,0,0,0,0,1,0,0,0,0,0,0
BIO0093,0,0,0,0,0,0,0,0,1,1,1,1
BIO0094,0,0,0,0,0,0,0,0,0,0,0,0
BIO0095,1,0,0,0,0,0,0,0,0,0,0,0
BIO0096,0,0,0,0,0,0,1,1,0,0,0,0
BIO0097,1,1,1,1,1,1,1,1,0,1,0,1
BIO0098,0,1,1,1,1,1,1,1,1,0,1,0
BIO0099,1,1,0,1,0,1,0,1,0,1,0,0
BIO0100,0,0,0,0,0,0,0,0,0,0,0,0
BIO0101,1,0,1,0,1,1,1,1,1,1,1,1
BIO0102,0,0,0,0,0,0,0,1,0,1,0,1
BIO0103,0,0,0,0,0,1,1,1,1,1,0,1
BIO0104,1,1,0,0,0,0,0,0,0,0,0,0
BIO0105,0,0,0,0,1,1,1,1,0,0,0,0
BIO0106,0,1,1,0,1,1,1,1,0,1,1,0
BIO0107,1,1,1,0,1,0,1,1,0,0,0,0
BIO0108,0,0,0,0,0,0,0,0,0,0,0,0
BIO0109,0,0,1,0,0,0,0,0,1,0,0,0
BIO0110,1,1,1,1,0,0,0,0,1,1,1,1
BIO0111,0,1,0,0,0,1,1,1,1,1,1,1
BIO0112,0,0,0,0,0,0,0,0,0,0,0,0
BIO0113,0,1,0,0,0,0,0,0,0,0,0,0
BIO0114,0,0,0,0,1,0,1,1,0,0,0,1
BIO0115,0,0,0,0,0,0,0,0,0,0,0,0
BIO0116,0,0,0,0,1,1,1,1,1,0,1,1
BIO0117,0,0,0,0,0,0,0,0,0,0,0,1
BIO0118,0,0,0,0,0,0,0,0,1,1,0,1
BIO0119,0,0,0,0,0,0,0,0,1,1,0,1
BIO0120,0,0,0,0,0,1,0,1,0,0,0,0
BIO0121,1,1,1,1,0,0,0,0,0,0,0,0
BIO0122,0,0,0,0,0,0,0,0,0,0,0,1
BIO0123,0,0,0,0,0,0,0,0,1,1,0,0
BIO0124,0,0,0,0,1,1,0,1,0,0,0,0
BIO0125,0,0,0,0,1,0,0,0,1,1,1,1
BIO0126,0,0,0,0,0,0,0,0,0,0,0,0
BIO0127,0,0,0,0,0,1,0,1,0,0,0,0
BIO0128,1,0,1,1,0,0,0,0,0,0,1,1
BIO0129,0,0,1,1,0,0,0,0,0,0,0,0
BIO0130,0,0,0,0,0,1,0,0,0,0,0,0
BIO0131,0,0,0,0,1,0,1,0,0,0,0,0
BIO0132,0,1,1,0,0,0,0,0,1,1,0,1
BIO0133,0,1,1,0,0,0,0,0,0,0,0,0
BIO0134,1,1,1,1,0,0,0,0,0,0,0,0
BIO0135,0,0,0,0,1,0,0,0,0,0,0,0
BIO0136,0,0,0,0,1,1,1,1,0,0,0,0
BIO0137,1,1,0,0,1,1,1,1,1,1,0,1
BIO0138,1,0,1,0,0,0,0,0,0,0,0,0
BIO0139,0,0,0,0,0,0,0,0,1,1,0,1
BIO0140,0,0,0,0,0,0,0,0,0,0,0,0
BIO0141,1,0,1,0,0,0,0,1,0,0,0,0
BIO0142,0,0,0,0,1,1,1,1,1,1,1,1
BIO0143,0,0,0,0,0,0,0,0,1,1,1,1
BIO0144,0,0,0,0,0,0,0,0,1,1,0,1
BIO0145,0,0,0,0,0,0,1,0,1,1,1,1
BIO0146,0,0,0,0,0,0,0,0,0,1,0,1
BIO0147,0,0,0,0,1,1,1,1,1,1,1,1
BIO0148,0,0,0,0,0,0,0,0,0,1,0,1
BIO0149,1,1,0,0,0,1,0,0,0,0,0,1
BIO0150,0,0,0,0,0,0,0,0,0,0,0,0
BIO0151,0,0,0,0,1,1,1,1,0,0,1,1
BIO0152,1,1,1,1,0,0,0,0,0,0,0,0
BIO0153,0,0,0,1,0,1,0,1,0,0,0,0
BIO0154,0,0,1,0,1,0,1,0,1,1,1,0
BIO0155,0,0,0,0,0,0,1,0,1,1,1,1
BIO0156,0,0,0,0,1,1,1,1,0,0,0,0
BIO0157,0,0,0,0,1,1,1,1,0,0,0,0
BIO0158,0,0,0,0,1,1,1,1,0,1,1,1
BIO0159,0,0,0,0,0,0,1,0,0,0,0,0
BIO0160,0,0,0,1,0,0,0,0,0,0,0,0
BIO0161,0,1,0,0,0,0,0,0,0,0,0,0
BIO0162,1,1,1,1,0,0,0,0,0,0,0,0
BIO0163,0,0,1,0,0,1,0,1,1,1,0,1
BIO0164,0,0,0,0,0,0,0,0,0,0,0,0
BIO0165,0,0,0,0,0,0,0,0,0,0,0,0
BIO0166,0,0,0,0,0,0,0,0,1,1,0,1
BIO0167,0,0,0,0,0,0,0,1,0,1,1,1
BIO0168,1,1,1,1,1,1,1,1,0,0,0,0
BIO0169,0,0,0,0,1,1,1,1,0,0,0,0
BIO0170,1,1,1,1,0,0,0,1,0,0,0,0
BIO0171,1,1,1,0,1,1,1,1,1,1,0,1
BIO0172,1,0,0,1,1,1,1,1,0,0,0,0
BIO0173,0,0,0,0,0,0,0,0,0,0,0,0
BIO0174,0,0,0,0,1,1,1,1,1,0,0,1
BIO0175,0,0,0,0,0,1,1,1,0,0,0,0
BIO0176,0,0,0,0,0,0,0,0,1,1,1,1
BIO0177,0,0,0,0,0,0,0,0,0,0,0,0
BIO0178,0,0,0,0,1,1,1,1,0,1,0,0
BIO0179,0,0,0,0,0,1,0,1,0,1,1,1
BIO0180,0,0,0,0,1,0,0,0,0,0,0,0
BIO0181,0,1,0,1,0,0,0,0,0,1,0,0
BIO0182,0,0,0,1,0,0,0,1,0,0,0,0
BIO0183,0,0,0,0,1,1,1,1,0,0,1,0
BIO0184,0,0,1,1,1,0,0,1,0,1,0,1
BIO0185,0,0,0,0,1,0,1,0,0,0,0,0
BIO0186,0,0,0,0,0,0,0,0,0,0,0,0
BIO0187,0,0,0,0,1,1,1,1,0,0,0,1
BIO0188,0,0,0,0,0,0,0,0,1,1,1,0
BIO0189,0,1,0,0,0,0,0,0,0,1,0,1
BIO0190,0,0,0,0,1,0,0,1,0,0,0,1
BIO0191,0,0,0,0,0,0,0,0,1,1,1,0
BIO0192,0,0,0,0,0,0,0,0,0,0,0,0
BIO0193,1,1,1,1,0,0,0,0,1,1,0,1
BIO0194,0,0,0,0,0,0,0,0,0,0,0,0
BIO0195,0,0,0,0,0,0,0,0,0,0,0,1
BIO0196,1,1,0,1,1,1,1,1,1,0,1,0
BIO0197,0,0,0,0,1,1,1,1,1,1,1,1
BIO0198,1,1,1,1,0,0,0,0,1,1,1,1
BIO0199,1,0,0,0,0,0,0,0,0,0,0,0
BIO0200,0,0,0,0,1,0,1,1,0,0,0,0
BIO0201,1,1,0,0,1,0,1,0,0,0,0,0
BIO0202,1,1,1,1,0,0,0,0,1,1,1,1
BIO0203,0,0,0,0,0,0,0,1,0,0,1,0
BIO0204,0,0,0,0,0,0,0,0,1,1,1,1
BIO0205,0,0,0,0,0,0,0,0,0,0,0,0
BIO0206,0,0,0,0,0,0,0,0,0,0,0,0
BIO0207,0,1,0,0,1,1,1,1,1,0,0,0
BIO0208,0,1,0,0,0,0,0,0,0,0,0,0
BIO0209,0,0,1,1,1,0,1,1,1,0,0,1
BIO0210,0,0,0,0,0,0,0,0,0,0,0,0
BIO0211,0,0,0,0,1,1,1,0,0,0,0,0
BIO0212,0,0,0,0,1,0,1,1,1,1,1,1
BIO0213,1,0,0,0,0,0,0,0,0,1,0,1
BIO0214,1,1,0,1,1,1,1,1,1,1,0,1
BIO0215,0,1,0,0,1,1,1,1,1,1,1,1
BIO0216,0,0,0,0,0,0,0,0,0,0,0,0
BIO0217,0,0,0,0,0,1,0,1,0,0,0,1
BIO0218,0,1,0,1,1,1,1,1,1,0,1,1
BIO0219,0,1,0,1,1,0,0,1,1,0,0,1
BIO0220,0,0,0,0,1,1,1,1,1,0,1,1
BIO0221,0,0,0,0,0,0,0,0,0,0,0,0
BIO0222,0,0,0,0,1,1,1,1,1,1,0,1
BIO0223,0,1,0,0,1,1,1,1,0,0,0,0
BIO0224,0,0,0,0,0,0,0,0,0,0,0,0
BIO0225,0,0,0,0,1,1,1,1,0,0,0,1
BIO0226,0,0,0,0,1,0,0,0,0,0,0,0
BIO0227,0,0,0,0,0,0,0,0,0,0,0,1
BIO0228,1,1,1,1,1,1,1,1,0,0,0,0
BIO0229,0,0,0,0,0,0,0,0,0,0,0,0
BIO0230,0,1,0,1,0,0,0,0,0,0,0,0
BIO0231,0,0,0,0,0,0,0,0,0,0,0,0
BIO0232,0,0,0,0,1,1,1,1,0,0,0,0
BIO0233,1,1,1,1,0,1,0,1,0,0,0,0
BIO0234,0,1,0,1,0,0,0,0,1,0,1,0
BIO0235,0,0,0,0,1,1,0,1,1,0,1,0
BIO0236,1,1,1,1,1,1,1,1,0,0,0,0
BIO0237,1,0,1,0,0,0,0,0,1,1,0,1
BIO0238,1,0,0,1,1,0,1,1,0,1,0,0
BIO0239,0,0,0,1,0,0,0,0,1,1,1,1
BIO0240,1,0,0,0,0,0,0,0,0,0,0,0
BIO0241,1,0,1,1,0,0,0,0,1,1,1,0
BIO0242,0,1,0,1,0,0,0,0,0,0,0,0
BIO0243,0,0,0,0,0,0,0,0,0,1,1,1
BIO0244,1,1,1,1,0,0,0,0,1,1,1,1
BIO0245,0,1,0,0,0,0,0,0,1,1,1,1
BIO0246,0,1,1,0,0,0,0,0,0,1,0,1
BIO0247,0,0,0,0,0,1,0,1,0,0,0,0
BIO0248,1,1,0,1,1,0,0,1,0,0,0,0
BIO0249,1,1,1,1,0,1,0,1,0,0,0,0
BIO0250,1,1,1,1,1,0,0,0,1,1,1,1
BIO0251,1,1,1,1,1,1,0,1,0,0,0,0
BIO0252,0,0,0,0,1,1,0,1,0,0,0,0
BIO0253,0,0,0,0,1,1,1,1,1,1,1,1
BIO0254,1,0,0,0,1,1,1,1,0,0,0,0
BIO0255,1,1,1,1,0,0,0,0,0,0,0,0
BIO0256,0,1,0,1,0,1,0,1,1,1,1,1
BIO0257,0,0,0,0,0,0,0,1,0,0,0,0
BIO0258,0,1,0,0,0,0,0,0,0,0,0,0
BIO0259,0,0,0,0,1,0,0,1,1,0,0,0
BIO0260,0,1,1,0,0,0,0,0,1,0,0,1
BIO0261,0,0,0,0,1,0,0,0,1,1,1,0
BIO0262,0,0,0,0,0,0,0,0,1,1,0,1
BIO0263,0,0,0,0,1,0,1,1,0,0,0,0
BIO0264,0,0,0,0,1,0,0,1,0,0,0,0
BIO0265,1,1,1,1,1,1,1,1,0,0,0,0
BIO0266,0,0,0,1,0,0,0,0,1,1,0,0
BIO0267,0,0,0,0,0,0,0,0,0,0,0,0
BIO0268,0,0,1,0,1,1,0,1,0,0,0,0
BIO0269,0,0,0,0,0,0,0,0,0,0,0,0
BIO0270,0,0,0,0,1,1,1,1,0,0,0,0
BIO0271,1,1,0,0,0,0,0,0,0,0,0,0
BIO0272,0,1,0,0,1,0,1,1,1,0,1,1
BIO0273,0,0,0,1,0,0,0,0,1,1,1,1
BIO0274,1,1,1,1,0,0,1,0,0,0,0,0
BIO0275,0,0,0,0,0,0,0,0,1,0,0,1
BIO0276,0,0,0,0,0,0,0,0,1,1,1,0
BIO0277,1,1,0,0,0,0,0,0,0,0,0,0
BIO0278,0,0,0,0,1,1,0,1,1,1,1,1
BIO0279,0,0,0,0,0,0,0,0,1,1,1,1
BIO0280,0,1,1,1,1,1,1,1,1,1,1,1
BIO0281,0,0,0,0,0,0,0,0,0,0,0,0
BIO0282,0,1,1,0,0,0,0,0,0,0,0,1
BIO0283,0,0,1,1,0,0,0,0,0,0,0,0
BIO0284,0,0,0,0,1,0,0,0,0,0,0,0
BIO0285,1,1,1,1,0,0,1,0,0,1,0,1
BIO0286,1,1,1,1,1,1,1,1,0,1,1,1
BIO0287,0,0,0,0,1,0,1,0,0,0,0,0
BIO0288,0,0,0,0,0,0,0,0,1,0,1,1
BIO0289,0,1,0,1,1,0,1,0,0,1,1,0
BIO0290,0,0,0,0,0,0,1,0,0,0,0,0
BIO0291,0,0,0,0,0,0,0,1,0,0,0,0
BIO0292,0,0,0,0,1,0,1,1,1,1,0,0
BIO0293,0,0,0,0,1,1,1,1,0,0,0,0
BIO0294,1,1,1,1,1,0,1,0,0,0,0,0
BIO0295,0,0,0,0,0,0,0,0,1,1,1,1
BIO0296,0,0,0,0,0,0,0,0,0,0,0,0
BIO0297,0,0,0,0,0,1,0,1,0,1,1,1
BIO0298,0,0,0,0,0,0,0,0,0,0,0,0
BIO0299,0,0,0,0,0,0,0,0,0,0,0,0
BIO0300,0,0,0,0,0,0,0,0,0,0,0,0
BIO0301,0,0,0,1,1,0,1,0,0,0,0,0
BIO0302,0,0,0,0,1,1,1,1,1,1,0,1
BIO0303,0,0,0,0,1,1,1,1,0,0,0,0
BIO0304,1,0,0,1,0,0,0,0,1,0,0,0
BIO0305,1,0,1,1,0,0,0,0,0,0,1,0
BIO0306,0,0,1,0,0,0,0,0,0,0,0,0
BIO0307,1,0,0,1,0,0,0,0,0,0,0,0
BIO0308,0,0,0,0,0,0,0,0,0,0,0,0
BIO0309,0,0,0,0,0,0,0,0,1,1,1,1
BIO0310,0,0,0,0,0,0,0,0,0,0,0,0
BIO0311,1,0,1,1,0,0,0,0,0,0,0,0
BIO0312,0,0,0,0,0,0,0,0,0,0,0,0
BIO0313,1,0,0,1,0,0,0,0,0,0,0,0
BIO0314,1,1,1,1,0,0,0,0,0,0,0,0
BIO0315,0,1,1,0,0,1,0,1,0,0,0,0
BIO0316,0,0,0,0,0,0,0,0,1,0,0,0
BIO0317,0,0,1,0,0,0,0,0,0,0,1,1
BIO0318,0,0,0,0,0,0,0,0,0,0,0,0
BIO0319,0,0,0,0,0,0,0,0,0,0,0,0
BIO0320,1,1,1,1,1,1,1,1,1,1,0,1
BIO0321,0,0,0,0,0,0,0,0,0,0,0,0
BIO0322,0,0,0,0,0,0,0,1,1,0,0,0
BIO0323,0,0,0,0,0,0,0,0,0,0,0,0
BIO0324,0,0,0,0,0,0,0,0,0,0,0,0
BIO0325,0,0,0,0,0,1,0,1,0,0,0,0
BIO0326,1,0,0,1,0,1,0,1,0,0,0,1
BIO0327,0,0,0,0,1,1,1,1,0,0,0,0
BIO0328,0,0,0,0,1,1,1,1,0,0,0,0
BIO0329,0,1,1,0,0,0,0,0,0,0,0,0
BIO0330,0,0,0,0,1,1,1,1,1,1,1,0
BIO0331,0,0,0,0,0,0,0,0,0,0,0,0
BIO0332,0,0,0,0,1,1,0,0,0,0,0,0
BIO0333,0,0,0,0,1,0,0,0,1,1,1,1
BIO0334,0,0,0,0,1,1,0,1,0,0,0,0
BIO0335,0,0,0,0,1,0,1,0,1,0,0,1
BIO0336,0,0,0,0,0,0,0,1,0,0,0,0
BIO0337,0,0,0,0,0,0,0,0,0,0,1,0
BIO0338,0,0,0,0,0,1,1,1,1,0,0,1
BIO0339,0,0,0,0,0,0,0,0,1,0,1,1
BIO0340,0,1,0,1,1,1,1,1,1,1,1,1
BIO0341,0,0,0,1,0,0,0,1,1,1,0,0
BIO0342,0,0,0,1,0,0,0,0,0,0,0,0
BIO0343,0,0,0,0,0,0,0,0,0,0,0,0
BIO0344,1,0,0,1,1,1,1,1,0,0,0,0
BIO0345,0,0,0,0,0,0,0,0,1,1,1,1
BIO0346,0,0,0,0,1,1,0,1,0,0,0,1
BIO0347,1,1,1,1,0,0,0,1,0,0,1,0
BIO0348,0,0,0,0,0,1,1,1,0,0,0,0
BIO0349,1,1,1,1,0,1,0,0,1,1,0,1
BIO0350,0,0,0,0,0,0,0,0,1,1,1,0
BIO0351,0,0,0,0,1,0,1,0,0,0,0,0
BIO0352,0,1,1,0,1,1,1,1,0,0,0,0
BIO0353,0,0,0,0,1,0,1,1,1,1,1,1
BIO0354,0,0,0,0,1,1,1,1,1,1,1,0
BIO0355,1,1,1,1,0,0,0,0,1,1,1,1
BIO0356,0,0,0,0,0,0,0,0,0,0,0,0
BIO0357,0,0,0,0,0,0,0,0,0,0,0,0
BIO0358,0,0,0,0,1,1,0,1,0,1,0,0
BIO0359,0,0,0,0,0,0,0,0,0,0,0,0
BIO0360,0,0,0,0,0,0,0,0,1,1,0,0
BIO0361,1,1,1,0,0,0,0,0,0,0,0,0
BIO0362,0,0,0,0,0,0,0,0,0,1,1,0
BIO0363,0,0,0,0,1,0,0,0,0,0,0,0
BIO0364,0,0,0,0,0,0,0,0,0,1,1,1
BIO0365,1,1,0,1,0,0,0,0,0,0,0,0
BIO0366,0,0,0,0,0,0,0,0,1,1,0,1
BIO0367,0,0,0,0,0,0,0,0,1,0,1,0
BIO0368,0,0,0,0,1,0,1,1,0,0,0,0
BIO0369,1,0,0,0,0,1,0,1,1,0,0,0
BIO0370,1,1,0,1,0,0,0,0,0,0,0,0
BIO0371,0,0,1,1,0,0,0,0,0,0,0,0
BIO0372,1,0,1,1,0,1,1,1,0,0,1,0
BIO0373,0,0,0,0,0,0,0,0,0,0,0,0
BIO0374,0,1,0,1,0,0,0,0,1,1,1,1
BIO0375,0,0,0,0,0,0,0,0,1,1,1,1
BIO0376,1,0,0,0,0,1,0,1,0,0,0,0
BIO0377,0,0,0,0,0,0,0,0,0,0,1,0
BIO0378,0,0,0,0,0,0,0,0,0,1,1,1
BIO0379,0,0,0,0,0,0,0,1,0,0,0,0
BIO0380,0,0,0,0,0,0,1,0,0,0,0,0
BIO0381,0,0,0,0,0,0,0,0,0,0,0,0
BIO0382,0,0,1,1,1,1,1,1,1,1,1,0
BIO0383,0,0,0,0,0,0,0,0,0,0,0,0
BIO0384,0,1,1,0,1,1,0,1,1,1,1,1
BIO0385,1,0,1,1,0,0,0,0,1,1,1,1
BIO0386,1,0,0,1,1,1,1,1,0,0,0,0
BIO0387,0,0,0,0,0,0,0,0,0,0,0,0
BIO0388,0,0,0,0,1,1,1,1,0,0,0,0
BIO0389,0,0,0,0,0,0,0,0,1,0,0,0
BIO0390,1,0,1,0,0,0,0,0,0,0,0,0
BIO0391,1,0,1,0,0,0,0,0,0,0,0,0
BIO0392,0,0,0,0,1,0,0,0,0,0,0,0
BIO0393,0,0,0,0,0,0,0,0,0,1,1,0
BIO0394,0,0,0,0,0,0,0,0,0,0,0,0
BIO0395,1,0,0,0,1,0,0,0,0,0,0,0
BIO0396,0,0,0,0,1,0,0,0,1,1,1,1
BIO0397,0,1,1,1,0,0,0,0,1,0,1,0
BIO0398,0,1,0,0,1,1,1,1,0,1,0,0
BIO0399,1,0,0,1,0,0,0,0,0,1,1,1
BIO0400,0,0,0,0,1,1,1,1,1,1,0,1
BIO0401,0,0,0,0,1,1,1,1,0,0,0,0
BIO0402,1,0,0,0,0,0,0,0,0,0,0,0
BIO0403,0,0,0,0,0,1,0,1,1,1,1,1
BIO0404,1,0,1,1,1,1,0,1,0,0,0,1
BIO0405,0,0,0,0,0,0,0,0,0,0,0,0
BIO0406,0,1,0,0,0,0,0,1,0,0,1,1
BIO0407,0,0,0,0,0,0,0,0,1,1,1,0
BIO0408,0,0,0,0,0,0,0,0,1,1,1,1
BIO0409,1,1,1,1,0,1,0,1,0,0,1,0
BIO0410,0,0,1,0,0,1,0,1,1,1,1,1
BIO0411,1,1,1,0,0,0,0,0,1,0,1,0
BIO0412,0,0,0,0,0,0,0,0,0,0,0,1
BIO0413,0,0,0,0,0,0,0,0,0,0,0,0
BIO0414,0,1,0,0,1,1,1,1,0,0,0,0
BIO0415,0,0,0,0,0,0,0,0,1,0,1,0
BIO0416,0,0,0,0,0,0,0,0,0,0,0,0
BIO0417,0,0,0,0,0,0,0,0,1,1,1,0
BIO0418,1,0,1,1,0,0,0,0,1,1,1,1
BIO0419,0,0,0,0,1,1,0,1,0,0,0,0
BIO0420,0,0,0,0,0,0,0,0,0,1,1,1
BIO0421,0,0,1,0,1,0,0,0,0,0,0,0
BIO0422,0,0,1,1,0,0,0,0,0,0,0,0
BIO0423,1,1,1,1,0,0,0,0,1,1,1,1
BIO0424,0,0,0,0,1,0,1,1,0,0,0,0
BIO0425,0,0,0,0,0,0,0,0,0,0,0,0
BIO0426,0,0,0,0,0,0,0,0,0,0,0,0
BIO0427,1,1,1,1,1,1,1,1,0,0,0,0
BIO0428,0,0,0,0,0,0,0,0,0,0,0,0
BIO0429,0,0,0,0,1,1,1,1,0,0,0,0
BIO0430,0,0,0,0,0,0,0,1,0,0,0,0
BIO0431,0,0,0,0,0,0,0,0,0,0,0,0
BIO0432,0,0,0,0,0,0,0,0,0,0,0,0
BIO0433,0,0,0,0,1,1,0,1,1,1,1,1
BIO0434,0,0,0,0,1,1,1,1,1,1,1,1
BIO0435,0,0,0,0,0,0,0,0,1,0,1,0
BIO0436,1,1,0,0,1,1,1,1,0,0,0,0
BIO0437,1,1,1,1,1,1,1,1,0,0,0,0
BIO0438,1,1,1,1,0,1,0,1,0,0,0,0
BIO0439,0,0,0,0,1,0,1,0,0,0,0,0
BIO0440,0,0,0,0,0,0,0,0,1,0,1,1
BIO0441,1,0,1,1,0,0,0,0,0,0,0,0
BIO0442,0,0,0,1,1,0,1,0,0,0,0,0
BIO0443,0,0,0,0,0,0,0,0,1,1,0,1
BIO0444,0,0,0,0,1,0,1,1,0,0,0,0
BIO0445,0,0,0,0,0,0,0,0,0,0,0,0
BIO0446,1,1,1,1,0,1,1,1,0,0,1,0
BIO0447,0,0,0,0,1,0,1,1,0,0,0,0
BIO0448,0,0,0,0,0,0,0,0,0,1,1,1
BIO0449,0,1,0,0,0,0,0,0,0,0,0,0
BIO0450,0,0,0,0,0,1,0,0,0,0,0,0
BIO0451,1,1,1,1,0,0,0,0,0,1,1,1
BIO0452,0,0,1,0,1,0,0,0,0,1,0,0
BIO0453,0,1,0,0,0,1,0,1,1,0,1,1
BIO0454,0,0,0,0,0,0,0,1,0,0,1,0
BIO0455,0,0,0,0,0,0,0,0,0,0,0,0
BIO0456,1,1,1,1,0,0,0,0,1,0,1,1
BIO0457,0,0,0,0,0,0,0,0,1,1,1,1
BIO0458,0,0,0,0,0,0,0,0,0,0,1,0
BIO0459,0,0,0,0,1,1,1,0,0,1,1,0
BIO0460,1,1,1,1,0,0,0,0,1,0,0,0
BIO0461,0,0,1,0,0,1,0,1,1,1,1,0
BIO0462,0,0,0,0,0,0,0,0,0,0,0,0
BIO0463,0,0,0,0,0,0,0,0,1,0,1,0
BIO0464,0,0,0,0,0,0,0,0,0,0,0,0
BIO0465,1,0,1,1,1,0,1,0,0,0,0,0
BIO0466,0,0,0,0,1,1,1,1,0,0,0,0
BIO0467,0,1,1,0,0,0,0,0,1,0,0,0
BIO0468,1,1,1,1,0,0,0,0,0,0,0,0
BIO0469,0,0,0,0,0,0,0,0,0,1,0,0
BIO0470,1,1,1,1,0,0,1,0,1,1,1,1
BIO0471,1,1,1,1,0,0,0,0,0,0,0,0
BIO0472,1,1,0,1,0,0,0,0,0,0,0,0
BIO0473,0,0,1,1,1,1,1,1,0,0,0,0
BIO0474,1,1,1,0,1,1,1,1,1,0,1,1
BIO0475,1,1,0,0,0,0,1,0,0,1,0,0
BIO0476,0,0,0,0,1,1,1,1,1,1,1,1
BIO0477,1,0,1,1,1,1,0,1,0,0,0,0
BIO0478,0,0,0,0,1,1,1,0,1,1,1,1
BIO0479,0,0,0,0,0,0,0,0,0,0,0,0
BIO0480,1,1,1,1,1,1,1,1,0,0,0,0
BIO0481,0,0,0,0,1,1,1,1,0,0,0,0
BIO0482,0,0,0,0,0,0,0,0,0,0,1,0
BIO0483,0,0,0,0,0,1,0,0,0,0,0,0
BIO0484,0,1,0,1,0,0,0,0,0,0,0,0
BIO0485,0,1,0,0,1,0,0,1,1,1,1,0
BIO0486,0,0,0,0,1,0,0,1,0,0,0,0
BIO0487,0,0,1,1,0,0,0,0,0,0,0,0
BIO0488,0,0,0,0,1,1,1,1,0,0,0,0
BIO0489,1,1,1,1,0,0,1,1,0,0,0,0
BIO0490,0,0,0,0,1,1,1,1,1,0,1,0
BIO0491,0,0,0,0,0,0,0,0,1,0,1,0
BIO0492,0,0,0,0,1,1,1,1,0,0,1,0
BIO0493,1,1,0,0,1,1,1,1,0,0,0,0
BIO0494,1,1,1,1,1,0,1,0,1,0,0,0
BIO0495,0,0,0,0,0,0,0,0,0,0,0,0
BIO0496,0,0,0,0,0,0,1,0,0,0,0,0
BIO0497,1,0,0,0,0,0,0,0,0,1,0,0
BIO0498,1,1,1,1,0,0,0,0,0,0,0,0
BIO0499,0,0,0,0,1,1,1,1,1,0,0,1
BIO0500,0,0,0,0,1,1,1,1,0,0,0,0
