Sample_ID,SHAP_blaNDM1,SHAP_mecA,SHAP_vanA,SHAP_KPC,SHAP_icaADBC,SHAP_AHL_AI2,SHAP_bap_pel_psl,SHAP_cdiGMP,SHAP_FadA,SHAP_CagA,SHAP_pks,SHAP_miRNA21
BIO0001,-0.0,-0.0,0.0,-0.0,23.46,18.1,33.77,24.28,0.0,0.0,-0.0,0.0
BIO0002,26.3,18.14,26.86,26.2,0.0,0.0,0.0,0.0,29.45,5.33,5.74,26.78
BIO0003,0.5,-2.56,-2.85,-1.19,-0.0,-0.0,-0.0,0.0,-0.61,-0.91,0.5,0.58
BIO0004,17.74,2.82,-2.69,-0.05,20.01,34.98,21.48,23.53,15.96,27.78,29.94,26.32
BIO0005,16.44,2.6,16.32,0.74,0.0,-0.0,0.0,0.0,-0.82,6.83,-3.36,0.39
BIO0006,3.51,16.7,15.85,33.24,0.75,0.6,0.12,0.63,15.9,4.99,28.65,34.75
BIO0007,0.0,0.0,0.0,0.0,4.68,24.03,21.09,26.1,-1.22,0.66,21.83,-2.08
BIO0008,0.92,-1.0,1.0,0.38,0.0,0.0,0.0,-0.0,0.08,-0.03,-0.11,0.08
BIO0009,3.27,11.78,1.51,3.13,-0.0,0.0,0.0,-0.0,0.73,-0.75,1.57,1.75
BIO0010,20.5,-2.86,17.92,24.72,-0.0,0.0,0.0,-0.0,0.0,0.0,0.0,0.0
BIO0011,0.0,0.0,0.0,0.0,0.08,-0.24,-0.3,0.27,1.05,2.67,24.34,-3.44
BIO0012,0.0,-0.0,-0.0,0.0,0.0,0.0,0.0,0.0,22.71,24.64,25.27,27.38
BIO0013,0.81,17.74,28.34,3.81,37.15,18.97,24.41,19.48,0.1,0.18,0.28,-0.04
BIO0014,-0.0,0.0,-0.0,0.0,38.71,21.61,-4.28,16.5,1.01,0.76,0.33,-1.9
BIO0015,-0.0,0.0,0.0,-0.0,0.02,-0.6,-2.1,-0.79,-0.0,-0.0,-0.0,0.0
BIO0016,0.29,0.55,-0.72,-0.84,0.02,-0.31,-0.11,1.36,32.55,31.96,28.68,-1.2
BIO0017,0.0,0.0,-0.0,-0.0,27.66,3.23,24.96,20.75,-0.28,0.63,-1.6,0.39
BIO0018,-0.0,-0.0,0.0,-0.0,-0.0,0.0,0.0,-0.0,3.88,25.19,36.21,2.92
BIO0019,1.38,1.91,-1.11,20.8,1.07,0.81,-0.87,0.55,-1.59,34.98,23.9,-3.33
BIO0020,25.35,-3.03,-1.95,23.67,1.27,21.27,4.83,4.83,-0.0,-0.0,0.0,0.0
BIO0021,19.76,-0.89,2.75,-4.7,-1.93,-0.67,2.03,0.77,0.0,-0.0,0.0,-0.0
BIO0022,-2.44,-3.53,-1.26,17.37,0.99,0.12,-0.32,0.17,25.29,35.72,1.73,37.26
BIO0023,28.09,-3.11,28.23,20.38,19.56,-3.68,23.93,30.32,0.0,-0.0,-0.0,-0.0
BIO0024,2.23,20.09,0.89,1.79,16.67,-2.29,-0.52,2.12,16.96,2.22,4.44,-4.19
BIO0025,-0.0,0.0,0.0,-0.0,0.75,0.33,-0.69,0.93,0.22,-0.88,1.3,-3.19
BIO0026,0.05,-0.68,2.34,2.53,-0.0,0.0,0.0,0.0,-2.96,31.37,24.21,-1.85
BIO0027,0.81,0.46,23.11,2.62,-0.0,0.0,-0.0,0.0,-0.0,-0.0,-0.0,0.0
BIO0028,-0.0,-0.0,-0.0,-0.0,20.51,16.03,25.62,32.24,0.72,21.5,-2.83,3.05
BIO0029,0.0,0.0,-0.0,-0.0,-0.0,-0.0,-0.0,-0.0,-1.27,1.93,22.73,30.76
BIO0030,0.81,0.3,0.48,1.21,0.79,30.99,19.02,27.0,0.72,-0.76,-0.99,-0.62
BIO0031,-0.0,0.0,-0.0,0.0,0.0,-0.0,0.0,0.0,-3.94,26.42,2.27,32.27
BIO0032,0.0,0.0,-0.0,0.0,0.03,0.04,0.03,-0.01,-3.01,-0.1,33.12,26.97
BIO0033,0.0,0.0,-0.0,-0.0,2.4,24.8,-3.97,21.23,-0.86,-2.19,-1.77,-2.18
BIO0034,-0.16,-0.05,0.19,-0.3,0.0,-0.0,-0.0,-0.0,-0.52,0.03,-0.31,0.54
BIO0035,29.58,29.21,20.82,18.79,-0.0,0.0,0.0,-0.0,-4.14,27.64,34.31,-0.51
BIO0036,-0.0,0.0,-0.0,0.0,22.32,17.46,40.83,19.39,0.0,0.0,0.0,0.0
BIO0037,4.76,1.7,20.02,-1.12,2.33,35.12,18.28,15.27,0.0,-0.0,-0.0,-0.0
BIO0038,-0.72,-0.94,-0.0,-0.84,-0.22,0.25,0.21,-0.03,43.55,16.48,1.25,33.41
BIO0039,27.71,-2.11,24.73,20.34,0.0,0.0,0.0,-0.0,25.6,34.64,19.58,20.18
BIO0040,15.16,23.15,33.47,28.22,-0.0,0.0,0.0,0.0,0.39,0.18,-0.02,-0.61
BIO0041,20.23,22.91,31.01,25.04,-0.0,0.0,0.0,0.0,0.0,0.0,-0.0,0.0
BIO0042,-0.0,-0.0,-0.0,0.0,0.97,20.31,-1.14,2.09,34.72,24.3,39.44,1.14
BIO0043,1.68,-2.92,-1.67,0.03,0.06,0.05,0.03,-0.07,29.87,-4.3,25.45,26.39
BIO0044,-0.0,0.0,0.0,-0.0,22.36,19.79,1.95,30.29,0.0,0.0,0.0,0.0
BIO0045,0.0,-0.0,0.0,0.0,0.43,-0.04,0.12,-0.7,0.27,27.93,4.28,27.52
BIO0046,26.18,-2.84,2.02,20.06,-0.0,0.0,-0.0,0.0,-0.0,-0.0,0.0,-0.0
BIO0047,0.52,26.81,3.98,21.19,2.11,0.37,-2.87,25.35,31.0,24.82,29.79,3.99
BIO0048,0.0,0.0,-0.0,0.0,24.05,30.05,15.19,24.01,29.71,23.94,26.67,19.67
BIO0049,17.14,24.5,31.83,2.53,-0.51,0.07,0.33,-0.09,-0.0,-0.0,-0.0,0.0
BIO0050,-0.0,0.0,0.0,0.0,-0.01,-0.01,-0.12,0.05,30.07,17.87,21.61,30.44
BIO0051,-0.71,-0.58,0.74,0.56,-1.02,1.09,0.26,22.42,0.0,0.0,-0.0,-0.0
BIO0052,19.38,32.23,1.61,23.08,13.86,28.87,3.99,27.58,24.02,26.1,18.55,31.33
BIO0053,17.61,-1.93,2.04,1.52,22.94,-1.97,23.17,2.31,34.42,7.0,25.15,29.03
BIO0054,-3.69,-1.78,1.52,20.51,26.79,-3.85,-0.03,-2.73,2.67,19.59,1.9,-3.04
BIO0055,19.04,-4.02,30.66,23.58,30.35,24.96,13.78,30.9,26.73,29.18,31.2,-5.59
BIO0056,-1.26,25.7,29.05,19.88,-0.0,0.0,0.0,0.0,29.67,14.97,28.97,26.39
BIO0057,1.86,27.67,17.22,29.45,-4.96,-2.24,1.19,24.02,2.19,-1.07,32.99,26.04
BIO0058,-0.0,0.0,0.0,-0.0,-2.78,1.36,0.78,2.98,0.07,-0.2,0.02,0.6
BIO0059,2.76,24.1,-0.03,-3.31,0.0,-0.0,0.0,-0.0,-3.25,27.93,27.14,27.68
BIO0060,33.75,16.75,16.79,32.72,-0.0,-0.0,0.0,0.0,18.39,43.52,0.49,32.1
BIO0061,0.0,-0.0,0.0,-0.0,-0.19,-0.19,0.17,-0.15,3.06,23.04,26.35,30.46
BIO0062,-1.6,-0.57,21.74,-2.78,-0.0,0.0,-0.0,-0.0,-0.92,0.94,0.18,0.37
BIO0063,1.12,-1.41,-0.86,1.32,0.49,-1.02,-1.86,-2.03,-0.46,0.69,-0.15,0.4
BIO0064,26.19,-1.64,24.36,0.31,0.83,28.03,0.73,20.01,34.94,-2.21,3.97,24.78
BIO0065,-0.18,-0.12,0.82,15.19,24.38,16.85,28.76,30.02,14.61,25.87,30.13,29.39
BIO0066,2.94,-0.31,1.33,-0.02,-0.05,-0.03,0.06,0.06,17.79,30.86,27.94,23.41
BIO0067,-0.56,0.58,-1.02,1.13,26.43,28.26,19.42,21.89,-2.53,35.07,24.9,1.19
BIO0068,2.3,0.73,2.5,19.47,0.52,0.11,-0.51,-0.05,3.6,39.1,22.57,34.23
BIO0069,0.63,-0.1,-0.22,-0.75,29.29,1.23,30.94,16.55,23.49,29.64,21.77,25.1
BIO0070,1.21,1.01,0.36,-0.61,21.37,17.88,27.49,29.36,-0.79,-0.14,-0.77,0.8
BIO0071,19.05,31.67,31.8,17.48,-4.44,1.98,25.42,16.95,0.47,-1.07,0.84,-0.82
BIO0072,-0.14,-0.88,-0.98,-3.2,28.36,22.86,17.54,31.24,30.32,23.49,19.42,26.77
BIO0073,0.0,0.0,0.0,-0.0,-0.36,0.31,0.39,0.14,0.42,-1.38,0.96,0.84
BIO0074,-2.58,0.12,12.22,2.57,0.71,0.68,1.19,1.01,-0.16,-0.3,0.22,-0.11
BIO0075,-0.16,2.55,0.39,-1.4,0.87,28.04,-2.9,17.7,27.11,31.7,20.26,20.92
BIO0076,-0.0,-0.11,0.24,0.05,19.43,24.12,26.37,30.09,29.36,-4.14,27.79,28.81
BIO0077,-2.3,20.25,27.12,23.73,33.08,15.53,33.64,17.75,34.81,23.81,-3.62,36.96
BIO0078,0.0,-0.0,-0.0,0.0,0.04,-0.25,0.21,0.3,14.63,26.95,29.16,29.25
BIO0079,0.14,-0.45,1.55,1.96,0.27,0.58,-1.86,2.09,2.12,-0.92,0.46,-3.3
BIO0080,0.0,-0.0,0.0,0.0,-0.0,0.0,-0.0,-0.0,-1.74,17.33,-1.36,1.07
BIO0081,0.19,-1.49,-5.28,3.14,3.2,18.3,-1.94,21.66,0.17,-0.29,0.08,0.06
BIO0082,27.03,0.73,19.64,24.9,32.79,-1.22,18.01,25.77,-0.0,0.0,-0.0,-0.0
BIO0083,-0.04,0.19,0.19,-0.18,31.86,21.81,21.98,21.95,1.1,-1.32,-2.43,1.05
BIO0084,-0.0,0.0,-0.0,0.0,-0.0,-0.0,0.0,-0.0,27.87,-2.02,24.83,31.09
BIO0085,-4.03,-0.8,26.79,-0.98,24.22,22.93,26.44,25.7,-0.17,-0.17,-0.82,0.03
BIO0086,-0.0,-0.0,0.0,0.0,-0.0,-0.0,-0.0,0.0,1.47,-8.03,-0.21,3.69
BIO0087,-4.1,20.9,-3.02,24.88,0.33,-0.09,0.28,-0.4,-1.01,-1.43,-0.52,1.24
BIO0088,-1.02,0.49,-0.72,0.86,0.87,0.34,0.38,-1.1,20.24,1.93,2.02,0.81
BIO0089,0.0,0.0,0.0,0.0,-0.86,3.06,-2.05,-1.73,-3.79,2.51,-0.7,-2.3
BIO0090,26.57,24.76,22.58,26.08,22.86,23.97,36.68,15.99,0.0,-0.0,0.0,0.0
BIO0091,-2.76,17.54,22.55,-1.96,21.65,2.44,21.13,30.57,2.48,-1.19,17.87,-0.55
BIO0092,0.24,-0.55,-1.26,-1.25,-2.35,16.58,-0.9,1.47,-0.96,-0.66,0.18,3.0
BIO0093,-0.0,-0.0,0.0,0.0,-1.8,3.18,0.7,2.22,20.55,16.73,31.14,31.59
BIO0094,0.0,0.0,-0.0,0.0,-0.0,-0.0,-0.0,0.0,-2.77,1.53,-2.55,0.95
BIO0095,15.74,0.38,1.68,1.89,-0.0,0.0,-0.0,0.0,3.66,-2.73,0.71,2.6
BIO0096,-0.11,0.02,-0.15,-0.22,4.03,3.85,17.24,22.78,0.0,0.0,-0.0,0.0
BIO0097,23.0,28.9,25.76,22.33,14.72,28.56,32.12,18.71,-1.12,28.88,2.07,23.52
BIO0098,-3.69,25.8,16.64,24.67,27.68,28.59,18.64,22.99,24.33,2.55,27.13,3.89
BIO0099,24.84,24.73,1.79,19.24,-0.38,20.13,3.77,25.33,0.66,17.41,-3.8,3.73
BIO0100,-0.0,0.0,0.0,0.0,-0.06,-0.17,0.07,-0.2,-0.0,-0.0,0.0,0.0
BIO0101,33.53,-1.45,19.99,-1.43,25.95,23.89,27.99,19.57,30.15,20.12,19.29,30.44
BIO0102,0.0,0.0,-0.0,-0.0,0.28,1.9,-2.28,22.73,-1.21,28.07,4.6,34.72
BIO0103,0.35,-0.13,0.4,0.52,2.87,28.39,20.33,25.52,34.97,16.79,-4.31,32.83
BIO0104,21.17,32.14,-1.91,-2.39,-0.0,0.0,0.0,-0.0,-0.0,0.0,0.0,-0.0
BIO0105,0.0,-0.0,-0.0,-0.0,31.69,23.72,29.32,15.07,0.0,0.0,-0.0,0.0
BIO0106,-1.3,19.93,22.39,-2.38,20.54,26.84,26.59,26.03,-1.64,28.55,32.38,5.14
BIO0107,24.58,31.9,14.39,-2.33,16.83,2.94,21.52,23.5,-0.0,0.0,-0.0,-0.0
BIO0108,-0.06,0.57,-0.63,0.53,-0.0,-0.0,0.0,0.0,-0.0,-0.0,0.0,-0.0
BIO0109,-2.55,-1.99,19.42,-0.55,-0.11,-0.18,0.14,0.27,24.69,-1.46,-1.83,-2.02
BIO0110,19.88,20.21,33.45,26.46,-0.69,0.06,-0.17,-0.59,24.61,26.6,23.82,24.97
BIO0111,2.84,16.9,1.14,-2.22,-2.68,19.9,26.64,23.78,33.0,17.54,33.47,15.99
BIO0112,0.0,0.0,-0.0,-0.0,0.0,0.0,-0.0,0.0,-0.7,-1.68,-0.48,0.64
BIO0113,-2.21,20.85,-0.0,-0.65,0.24,-0.95,0.01,0.79,-0.46,-0.12,0.71,-0.11
BIO0114,0.0,0.0,0.0,-0.0,21.9,-2.27,20.41,27.82,0.1,2.24,-0.49,20.97
BIO0115,0.0,0.0,-0.0,-0.0,0.0,-0.0,0.0,0.0,-0.04,-0.11,-0.02,-0.23
BIO0116,-0.0,0.0,0.0,-0.0,18.43,29.71,21.64,30.23,32.19,1.04,27.67,25.59
BIO0117,-1.58,0.79,1.34,-0.29,0.33,0.97,1.33,1.97,-0.9,2.79,0.85,21.46
BIO0118,0.0,0.0,-0.0,0.0,-0.0,0.0,-0.0,-0.0,27.3,22.76,-4.0,39.34
BIO0119,-0.4,0.29,-2.35,2.15,0.28,0.03,0.05,0.14,32.01,30.43,2.58,26.08
BIO0120,-1.49,1.95,1.56,-1.6,2.99,17.55,-3.37,25.29,0.0,-0.0,-0.0,0.0
BIO0121,32.21,29.43,16.95,21.41,0.0,-0.0,-0.0,-0.0,0.0,0.0,0.0,0.0
BIO0122,0.0,0.0,0.0,-0.0,-0.0,0.0,-0.0,-0.0,0.38,2.12,-2.27,16.73
BIO0123,0.33,-0.34,0.38,-0.05,0.0,0.0,-0.0,-0.0,34.66,27.99,0.37,-2.98
BIO0124,-0.0,0.0,-0.0,-0.0,30.91,14.18,1.56,31.86,0.56,0.49,-0.24,0.11
BIO0125,-0.0,0.0,0.0,-0.0,17.16,-2.44,-1.42,-2.18,29.03,28.52,29.73,12.71
BIO0126,0.13,-0.03,0.02,0.12,1.43,-3.56,1.46,1.66,0.0,0.0,0.0,-0.0
BIO0127,0.0,0.0,-0.0,0.0,-1.8,23.04,-0.29,24.27,0.08,0.42,-0.18,1.03
BIO0128,17.88,3.63,17.57,34.13,-0.48,-0.8,0.43,0.19,-2.1,0.15,24.05,41.6
BIO0129,-3.77,1.96,31.69,17.17,-0.0,0.0,0.0,-0.0,2.27,0.54,1.77,-0.42
BIO0130,0.97,0.01,0.49,0.23,2.27,14.64,0.5,-2.49,1.26,1.54,-3.03,1.17
BIO0131,-0.79,0.67,0.38,-0.56,21.1,-0.73,28.57,0.8,-0.0,0.0,0.0,0.0
BIO0132,-1.17,21.11,23.87,-3.66,0.0,-0.0,-0.0,-0.0,16.36,31.48,-2.78,31.09
BIO0133,-2.27,30.35,18.34,-4.13,-0.0,0.0,0.0,-0.0,0.57,-0.25,0.04,-0.94
BIO0134,32.0,18.62,28.57,14.71,2.01,-0.66,1.44,-0.79,0.0,0.0,0.0,-0.0
BIO0135,-0.92,0.92,-0.81,1.15,19.04,2.09,-1.93,-1.63,-0.76,0.99,0.23,1.53
BIO0136,0.26,-0.56,0.51,0.37,19.4,23.21,20.32,37.07,2.76,3.35,2.25,-0.34
BIO0137,15.85,28.74,2.31,2.39,25.62,23.95,20.17,26.97,38.34,23.44,2.56,23.77
BIO0138,24.17,3.54,14.38,3.71,0.0,-0.0,0.0,0.0,-0.0,0.0,0.0,0.0
BIO0139,-0.0,0.0,0.0,-0.0,0.08,-0.52,0.37,0.53,43.13,27.55,-2.04,18.58
BIO0140,0.4,0.94,1.0,0.36,0.0,-0.0,0.0,-0.0,0.25,0.03,0.11,-0.11
BIO0141,20.7,2.73,24.05,-3.52,0.39,-4.51,2.6,21.69,-0.09,0.99,-1.5,-1.13
BIO0142,0.0,0.0,-0.0,-0.0,27.57,15.94,38.14,18.36,34.46,15.67,32.62,17.24
BIO0143,-0.08,-0.04,0.01,0.07,-0.0,0.0,-0.0,0.0,36.76,26.11,20.66,16.47
BIO0144,2.69,2.41,-1.41,-1.39,-0.17,-0.23,0.13,-0.27,28.5,26.44,2.65,27.92
BIO0145,-1.59,-0.55,-1.61,2.16,2.35,-0.86,16.31,0.18,30.73,26.65,13.03,29.59
BIO0146,0.0,-0.0,0.0,0.0,0.38,0.78,0.07,0.37,-1.2,39.61,-0.36,36.43
BIO0147,0.0,-0.0,0.0,0.0,18.21,17.55,25.25,38.99,24.72,23.82,32.22,19.24
BIO0148,2.67,1.0,0.43,-0.8,1.89,0.24,-0.99,-1.08,1.05,26.52,-4.65,33.78
BIO0149,25.62,17.78,3.17,-3.33,-5.15,18.97,3.81,1.67,2.71,-0.97,-1.7,17.21
BIO0150,-3.37,-1.21,-4.07,-0.05,-0.0,0.0,0.0,-0.0,-0.0,-0.0,-0.0,-0.0
BIO0151,-0.0,0.0,0.0,0.0,24.79,22.04,27.49,25.69,2.86,0.72,35.8,27.11
BIO0152,21.05,29.93,27.73,21.28,0.0,0.0,0.0,-0.0,-0.0,0.0,-0.0,0.0
BIO0153,-1.7,0.74,-2.72,16.74,0.67,15.74,-2.96,24.42,-0.0,0.0,-0.0,-0.0
BIO0154,2.28,2.34,22.11,0.76,22.6,-2.07,23.58,2.75,33.63,19.43,33.31,-0.02
BIO0155,-0.0,-0.0,0.0,-0.0,-0.64,2.81,14.94,-2.2,29.74,30.25,19.97,20.04
BIO0156,1.2,-1.25,-1.35,2.2,21.22,18.49,24.19,33.59,-0.0,-0.0,0.0,0.0
BIO0157,0.0,0.0,0.0,0.0,20.26,37.19,22.48,20.07,0.0,0.0,0.0,0.0
BIO0158,-0.0,-0.0,0.0,0.0,23.08,26.44,24.82,25.66,3.57,27.88,28.33,29.53
BIO0159,0.75,1.02,1.38,1.25,0.85,-0.28,18.45,0.32,-0.0,-0.0,0.0,0.0
BIO0160,-1.89,-2.96,0.31,21.75,-1.17,1.1,2.07,-1.66,0.0,-0.0,-0.0,-0.0
BIO0161,2.77,18.7,1.29,-2.74,-2.6,-1.36,-1.08,1.06,0.01,-0.02,0.02,-0.05
BIO0162,20.71,21.11,21.12,37.06,-0.39,0.72,-0.29,0.39,2.39,0.43,0.35,-3.64
BIO0163,-1.34,-0.2,18.33,-2.23,3.22,20.54,-1.39,23.24,23.09,38.83,-0.2,27.28
BIO0164,0.38,0.75,-0.08,0.69,2.5,1.43,-1.11,0.36,2.06,-0.26,0.91,-0.17
BIO0165,-0.0,0.0,0.0,-0.0,-0.0,0.0,0.0,-0.0,0.41,0.54,-2.6,-1.75
BIO0166,-0.35,-0.51,-0.31,0.04,-0.09,0.01,-1.27,0.93,31.55,23.17,3.69,30.09
BIO0167,0.0,0.0,-0.0,0.0,1.86,0.59,-1.73,16.41,2.84,32.74,15.43,33.9
BIO0168,22.99,35.96,15.79,25.25,24.66,28.12,28.71,18.5,0.48,-0.5,0.26,0.15
BIO0169,-1.06,0.73,-0.72,-0.99,32.21,25.9,16.18,21.91,-0.0,0.0,-0.0,0.0
BIO0170,35.66,27.59,16.99,19.76,-1.27,3.49,-3.08,19.16,-0.43,1.23,0.01,0.42
BIO0171,22.74,33.33,23.84,1.69,17.08,34.32,23.93,24.27,28.04,29.14,-4.9,36.22
BIO0172,16.81,3.07,3.21,27.8,27.8,26.34,17.66,22.61,0.0,0.0,-0.0,0.0
BIO0173,-0.94,-2.01,0.22,0.33,-0.0,-0.0,0.0,0.0,-0.92,0.03,-0.01,-1.05
BIO0174,0.0,0.0,-0.0,-0.0,25.35,26.21,23.76,24.67,25.68,-1.78,2.06,36.58
BIO0175,0.0,0.0,-0.0,-0.0,-3.18,25.96,21.54,26.12,1.2,-0.52,-1.27,-0.0
BIO0176,0.0,0.0,0.0,0.0,-1.99,1.24,-2.72,-1.36,29.77,21.37,15.25,33.61
BIO0177,-0.63,0.06,-0.65,0.75,-0.28,0.83,-0.29,0.8,-0.82,-0.29,0.57,-2.12
BIO0178,-0.0,-0.0,0.0,-0.0,29.24,33.01,23.9,12.95,-1.0,14.21,-0.67,2.32
BIO0179,-0.0,-0.0,-0.0,-0.0,-0.47,26.95,0.66,23.11,-3.22,25.39,38.88,18.5
BIO0180,1.19,-0.89,0.47,-0.24,14.7,1.39,-1.81,1.39,-5.18,-0.2,2.92,-3.7
BIO0181,1.13,16.3,-1.58,28.39,0.1,0.19,0.05,0.16,-4.06,26.57,3.83,-1.94
BIO0182,1.98,0.53,-1.44,21.05,1.35,2.04,-2.43,17.78,-0.0,-0.0,0.0,-0.0
BIO0183,0.0,-0.0,-0.0,-0.0,21.24,18.01,25.3,30.85,3.03,1.2,20.27,2.39
BIO0184,2.75,1.94,18.39,25.22,31.25,-3.83,0.3,16.42,0.63,29.02,0.82,31.32
BIO0185,-0.0,0.0,-0.0,-0.0,17.98,2.18,22.25,-3.38,-0.0,-0.0,-0.0,0.0
BIO0186,0.64,0.02,-1.61,1.13,0.0,-0.0,0.0,0.0,0.0,-0.0,-0.0,-0.0
BIO0187,-0.23,-0.33,0.36,-0.38,25.76,22.14,27.39,24.71,-1.13,0.38,-2.51,13.88
BIO0188,0.0,0.0,0.0,0.0,0.0,-0.0,0.0,-0.0,40.35,24.47,19.58,3.5
BIO0189,4.35,18.0,3.78,3.07,-1.09,-0.86,-2.68,-2.87,-0.27,20.13,-3.54,41.87
BIO0190,0.0,0.0,-0.0,0.0,28.26,-0.2,3.34,20.4,-0.45,-1.89,1.77,23.29
BIO0191,0.27,-0.99,0.38,0.06,0.49,-0.42,-0.46,0.44,25.55,27.27,27.08,-3.1
BIO0192,-0.0,0.0,0.0,-0.0,-0.0,0.0,0.0,0.0,-0.0,0.0,-0.0,0.0
BIO0193,32.1,22.31,27.92,14.37,0.0,0.0,-0.0,0.0,35.12,30.08,-3.99,22.31
BIO0194,1.6,0.98,1.87,-1.15,0.11,-0.11,0.07,-0.02,-0.0,-0.0,-0.0,-0.0
BIO0195,-0.01,-1.83,-1.89,-1.67,0.0,0.0,-0.0,0.0,-1.51,2.02,-0.08,22.99
BIO0196,26.67,21.83,3.18,23.22,22.59,27.32,30.94,19.05,28.67,-1.09,33.0,-1.14
BIO0197,-0.59,-0.53,-0.68,0.11,23.88,28.89,20.37,22.66,28.97,20.61,21.37,29.06
BIO0198,22.07,20.39,29.12,28.33,2.85,2.38,-1.53,-0.94,20.09,38.35,18.2,23.37
BIO0199,18.45,-4.97,-0.01,2.87,-0.0,0.0,0.0,-0.0,-1.71,2.79,-0.19,-0.62
BIO0200,-0.0,0.0,0.0,0.0,24.19,1.4,20.85,27.46,0.0,0.0,0.0,-0.0
BIO0201,27.48,12.76,-2.89,2.17,20.42,-4.23,23.99,3.07,-0.83,0.38,-1.11,-0.87
BIO0202,15.44,26.55,37.45,20.56,-2.92,-0.42,1.28,-0.28,23.37,27.99,18.84,29.8
BIO0203,0.68,-2.55,0.84,-0.14,2.71,-1.31,1.41,20.76,-1.68,2.44,16.5,1.08
BIO0204,0.0,-0.0,-0.0,0.0,-0.16,0.68,-3.48,0.68,15.4,26.95,28.5,29.15
BIO0205,3.47,-0.78,-1.63,0.91,0.0,-0.0,0.0,-0.0,1.29,0.83,-0.32,-0.35
BIO0206,0.63,-0.66,-0.52,-0.69,-0.0,-0.0,-0.0,-0.0,0.0,0.0,0.0,0.0
BIO0207,-3.32,21.41,-0.05,1.93,25.79,31.63,22.12,20.46,20.29,-0.21,3.41,-4.19
BIO0208,0.3,20.13,-0.78,1.49,0.0,0.0,0.0,0.0,0.0,0.0,-0.0,-0.0
BIO0209,3.62,1.42,28.37,13.3,18.78,-2.15,20.91,31.96,27.75,0.74,2.43,38.97
BIO0210,0.0,-0.0,-0.0,-0.0,-0.19,0.65,0.2,-0.16,0.0,0.0,-0.0,-0.0
BIO0211,-0.05,0.98,-1.02,1.15,22.42,29.02,17.09,-0.77,-0.0,-0.0,0.0,0.0
BIO0212,0.17,-0.13,0.16,-0.04,19.33,-2.68,24.56,28.23,33.53,28.03,24.25,14.18
BIO0213,22.45,1.41,2.65,-1.09,-1.68,-0.3,1.21,-0.21,-3.12,20.54,-2.45,42.99
BIO0214,27.26,28.98,-2.79,12.97,26.67,27.87,22.5,18.36,32.52,23.51,-2.72,28.25
BIO0215,0.01,17.39,-0.37,1.62,20.7,23.27,26.44,28.4,32.84,22.56,22.18,22.43
BIO0216,-0.0,0.0,-0.0,0.0,-0.46,-0.15,-0.81,-1.07,0.08,0.05,-0.03,0.04
BIO0217,0.15,1.3,-0.4,0.94,1.86,29.04,3.56,11.84,-1.13,0.48,-0.3,9.7
BIO0218,0.02,21.98,3.07,31.22,18.83,27.43,28.8,21.54,29.24,5.97,28.33,23.27
BIO0219,-3.2,21.83,0.46,25.21,32.4,3.41,-0.85,14.55,21.07,-3.37,-1.49,38.17
BIO0220,-0.0,-0.0,0.0,0.0,28.69,24.95,17.99,27.27,15.87,2.96,34.25,31.52
BIO0221,-1.3,-3.5,1.61,2.78,-1.0,0.84,-0.21,-0.85,0.0,-0.0,-0.0,0.0
BIO0222,0.03,-0.08,0.04,-0.05,17.57,28.19,20.03,32.91,23.0,34.53,0.82,22.95
BIO0223,-3.47,19.73,-1.49,0.61,18.1,23.44,28.08,30.38,-0.85,0.31,-0.84,-0.9
BIO0224,2.35,0.09,2.19,-2.28,0.0,0.0,0.0,0.0,-1.83,-1.41,1.69,-1.07
BIO0225,-1.0,1.04,0.71,0.65,26.84,33.61,15.32,22.62,0.87,2.38,-2.43,13.53
BIO0226,-0.01,-0.04,0.04,-0.02,20.49,-1.06,1.77,0.88,0.06,0.07,0.06,-0.01
BIO0227,0.0,0.0,0.0,-0.0,0.01,-0.15,-0.02,0.02,-2.26,-1.73,-1.99,11.92
BIO0228,28.29,13.73,33.17,23.31,25.64,21.45,28.91,24.0,-0.03,-0.05,0.08,-0.04
BIO0229,-1.33,-3.22,-0.2,-0.85,0.0,0.0,0.0,-0.0,0.0,-0.0,-0.0,-0.0
BIO0230,2.12,19.18,1.25,28.66,-0.0,-0.0,0.0,-0.0,-2.29,1.51,-1.48,1.31
BIO0231,-0.0,0.0,0.0,-0.0,-0.0,0.0,0.0,0.0,-0.0,-0.0,0.0,0.0
BIO0232,-0.0,0.0,-0.0,0.0,19.46,28.73,24.56,26.25,-0.23,0.05,-0.21,-0.12
BIO0233,31.65,23.85,21.48,23.02,1.97,19.34,0.94,25.06,0.0,-0.0,0.0,0.0
BIO0234,-2.93,21.08,4.58,17.52,0.56,-1.08,0.8,0.96,27.25,-5.18,32.82,-2.45
BIO0235,-0.0,0.0,-0.0,-0.0,20.89,17.74,2.33,34.35,22.47,-2.96,39.15,0.02
BIO0236,27.94,20.77,21.72,25.28,20.57,24.7,30.68,15.75,-0.13,0.2,0.93,0.75
BIO0237,17.53,-0.88,30.16,-2.33,0.12,-0.17,0.43,-0.58,30.96,38.77,-1.11,19.66
BIO0238,27.64,1.45,-0.35,19.16,26.01,-1.63,22.87,17.88,-0.26,18.98,1.4,-2.57
BIO0239,-2.57,-1.25,-0.16,21.32,-0.33,0.62,-0.23,-0.83,27.94,24.94,28.1,19.02
BIO0240,19.82,-0.77,-0.62,-0.19,0.59,0.59,-0.06,0.06,-0.0,-0.0,-0.0,0.0
BIO0241,19.13,-0.68,37.26,18.73,-0.2,-0.06,-0.14,0.2,30.23,22.7,33.39,-1.28
BIO0242,0.74,25.33,-0.03,23.7,4.62,-1.49,0.04,0.14,0.0,-0.0,0.0,-0.0
BIO0243,-0.13,1.05,0.03,-0.7,0.27,-1.3,0.65,2.08,4.03,30.74,31.57,23.56
BIO0244,17.21,25.35,25.84,31.6,-0.0,0.0,-0.0,0.0,19.88,24.23,35.83,20.06
BIO0245,-1.76,16.05,0.59,-1.0,-1.5,0.15,-0.47,0.98,17.72,30.78,26.13,25.37
BIO0246,2.32,17.22,28.38,-1.88,-0.0,-0.0,0.0,-0.0,-6.96,31.99,-3.38,28.38
BIO0247,-0.0,0.0,0.0,0.0,1.63,25.68,2.96,24.13,-0.0,-0.0,0.0,0.0
BIO0248,21.78,18.17,2.67,24.98,22.84,0.02,-3.6,24.34,1.01,-0.56,0.4,-0.53
BIO0249,29.3,22.17,20.4,27.62,3.29,15.44,2.34,26.94,-0.0,0.0,-0.0,0.0
BIO0250,37.06,18.94,27.87,16.14,19.21,2.47,-1.85,4.56,24.96,25.32,14.43,35.29
BIO0251,21.67,18.33,25.75,33.14,21.5,27.36,-1.03,23.32,0.0,0.0,0.0,-0.0
BIO0252,-1.42,-2.39,0.52,1.08,23.79,22.06,2.74,25.5,0.46,0.69,0.33,-0.62
BIO0253,-0.0,0.0,0.0,-0.0,17.14,26.11,37.67,19.08,30.78,32.98,13.55,22.69
BIO0254,19.7,0.45,-2.22,-2.83,26.34,24.41,16.45,32.81,-0.42,-1.22,1.46,2.1
BIO0255,28.96,21.39,29.53,20.12,0.0,0.0,-0.0,0.0,0.0,-0.0,-0.0,0.0
BIO0256,2.45,25.68,0.01,24.26,-2.06,20.76,-3.22,23.46,23.4,32.36,22.6,21.65
BIO0257,-0.0,-0.0,-0.0,-0.0,-3.33,1.27,1.66,17.84,-0.53,0.33,-0.56,-0.18
BIO0258,0.69,24.99,5.18,0.13,-0.03,-0.02,0.02,-0.04,0.0,-0.0,0.0,0.0
BIO0259,0.35,-0.25,1.09,-0.21,20.92,-2.01,-2.54,22.73,19.96,-3.33,-1.45,0.96
BIO0260,1.75,16.12,21.41,-0.33,-0.0,0.0,-0.0,-0.0,31.09,-3.98,2.4,34.43
BIO0261,-0.0,0.0,-0.0,-0.0,20.23,-2.12,0.53,-2.12,20.57,32.74,28.37,0.53
BIO0262,-1.76,3.81,-0.54,-0.6,0.61,0.92,-0.08,-0.98,33.55,22.48,-3.17,30.09
BIO0263,0.0,-0.0,-0.0,-0.0,24.69,-0.84,15.33,33.84,0.4,0.32,0.39,0.28
BIO0264,0.89,-0.3,0.72,0.89,28.92,2.86,2.96,16.66,-0.97,0.39,-0.03,-1.11
BIO0265,25.2,27.59,25.55,21.65,31.74,20.03,14.09,28.34,-0.09,0.07,-0.1,-0.15
BIO0266,-1.62,-0.12,1.28,17.28,0.0,-0.39,0.21,0.3,19.01,41.05,3.73,-0.31
BIO0267,1.52,-1.83,-1.41,-1.24,0.27,0.26,-0.0,0.07,0.0,-0.0,-0.0,-0.0
BIO0268,-3.63,1.05,16.6,0.23,28.28,17.36,-0.87,31.79,1.07,0.3,-1.13,-0.3
BIO0269,-0.84,0.74,-0.35,0.66,0.0,-0.0,-0.0,0.0,-0.0,0.0,-0.0,0.0
BIO0270,-0.0,-0.0,0.0,-0.0,28.27,15.77,29.17,18.69,0.0,0.0,0.0,0.0
BIO0271,20.15,20.73,-2.08,1.74,-0.22,0.17,-0.23,-0.18,-1.46,0.31,0.2,-1.33
BIO0272,3.04,16.45,3.52,1.68,25.28,-1.51,25.27,25.15,24.72,-1.18,29.19,31.81
BIO0273,1.47,-1.31,0.15,19.67,0.0,0.0,-0.0,-0.0,26.43,16.76,40.22,16.58
BIO0274,26.81,26.88,19.13,24.97,-0.33,1.49,24.8,-1.48,0.02,-0.02,0.01,0.06
BIO0275,-0.0,0.0,-0.0,-0.0,0.0,0.0,-0.0,0.0,20.98,1.76,3.74,42.72
BIO0276,-0.0,0.0,0.0,-0.0,-0.16,0.08,0.14,-0.22,33.39,30.72,24.69,-3.89
BIO0277,35.4,17.9,3.24,-0.76,-1.65,1.58,2.13,-0.95,-0.35,-0.2,0.57,-0.88
BIO0278,0.92,-0.88,-0.19,0.91,20.05,38.3,0.27,17.48,26.25,23.16,22.06,28.54
BIO0279,-0.0,-0.0,-0.0,0.0,-0.56,0.39,-0.43,-0.13,29.98,13.16,27.82,29.04
BIO0280,1.93,28.58,20.47,26.52,27.18,27.26,23.38,22.17,30.38,21.03,19.43,29.15
BIO0281,0.0,0.0,-0.0,-0.0,-0.0,-0.0,0.0,0.0,-0.0,0.0,0.0,-0.0
BIO0282,-3.06,22.95,29.0,1.0,-0.0,0.0,0.0,0.0,1.66,0.21,1.86,16.37
BIO0283,2.82,-2.28,23.57,27.13,-0.0,0.0,-0.0,-0.0,0.69,-1.75,0.53,1.73
BIO0284,0.05,0.14,-0.43,1.58,15.02,1.22,3.98,-3.88,0.72,0.74,0.68,-0.06
BIO0285,19.41,22.93,27.91,29.75,1.18,2.94,16.58,1.11,-4.84,34.8,1.02,24.74
BIO0286,33.04,22.52,17.76,24.08,28.37,19.23,27.42,18.58,-2.52,39.65,23.34,23.99
BIO0287,-0.36,0.94,0.94,-0.36,20.08,0.84,22.76,-2.42,0.0,-0.0,0.0,-0.0
BIO0288,0.0,0.0,0.0,0.0,0.47,-0.44,-0.38,0.42,24.51,-0.85,34.97,28.46
BIO0289,-2.66,20.86,-2.86,23.81,32.35,3.68,15.07,0.5,-4.02,29.27,35.33,0.38
BIO0290,-0.0,-0.0,-0.0,-0.0,-0.44,2.84,19.19,1.73,-0.43,-0.87,-0.6,-0.6
BIO0291,-0.73,-1.65,0.67,-0.86,2.21,-1.39,0.14,16.06,2.12,-1.97,2.78,2.33
BIO0292,-0.0,-0.0,-0.0,-0.0,21.8,-0.49,23.01,29.89,43.89,21.99,-4.66,-2.15
BIO0293,1.36,-2.38,0.09,0.67,20.58,35.69,25.75,17.98,-0.0,0.0,-0.0,-0.0
BIO0294,33.64,17.0,33.85,15.51,29.94,3.94,18.72,0.19,-0.64,0.74,0.62,0.81
BIO0295,-2.25,-0.5,0.07,-2.18,0.03,-3.03,4.5,-0.53,39.75,16.11,18.13,26.0
BIO0296,1.59,-1.16,2.45,0.1,0.63,0.62,0.18,-0.48,0.0,-0.0,0.0,-0.0
BIO0297,-0.81,-1.6,0.57,1.52,-2.36,20.34,-2.08,20.91,-1.2,30.45,35.43,28.32
BIO0298,0.0,-0.0,-0.0,0.0,-0.0,0.0,0.0,-0.0,0.67,-0.48,0.45,-0.5
BIO0299,0.0,-0.0,-0.0,0.0,0.0,-0.0,0.0,-0.0,-1.45,1.53,3.32,-2.41
BIO0300,0.0,-0.0,-0.0,0.0,0.01,0.01,-0.04,0.04,0.0,0.0,0.0,0.0
BIO0301,-3.12,1.54,0.94,18.8,27.49,2.65,26.81,-0.75,0.04,0.04,0.06,0.06
BIO0302,0.0,-0.0,-0.0,-0.0,22.95,19.28,18.46,33.21,33.59,32.55,-2.63,18.13
BIO0303,0.0,-0.0,-0.0,-0.0,24.86,17.07,33.28,24.79,0.18,-0.34,-0.21,-0.07
BIO0304,20.73,-0.77,-2.2,24.9,0.0,0.0,-0.0,-0.0,12.76,-1.62,-2.02,2.7
BIO0305,26.46,-0.32,17.33,28.49,-0.47,-0.49,0.38,-0.56,-1.25,-2.57,23.8,0.99
BIO0306,0.78,-4.17,20.33,-3.13,0.0,-0.0,-0.0,-0.0,0.0,-0.0,0.0,-0.0
BIO0307,25.18,3.01,1.64,23.97,-0.18,-0.23,-0.16,-0.22,0.0,0.0,0.0,0.0
BIO0308,-0.0,-0.0,0.0,0.0,-0.08,-0.24,-0.17,0.22,0.0,0.0,-0.0,-0.0
BIO0309,0.0,0.0,-0.0,0.0,0.0,0.0,0.0,-0.0,33.63,16.17,18.99,31.21
BIO0310,-0.0,0.0,-0.0,0.0,0.0,-0.0,0.0,0.0,-0.42,-0.84,-0.02,0.62
BIO0311,14.1,-1.77,34.29,21.83,-0.0,0.0,-0.0,0.0,-3.46,-2.06,5.13,2.85
BIO0312,-1.94,0.9,0.99,1.97,-0.24,-0.41,0.41,-0.24,0.0,-0.0,0.0,-0.0
BIO0313,21.9,-0.46,-2.75,26.09,-0.8,-0.87,-0.56,-0.37,-0.6,0.19,-0.09,-0.12
BIO0314,24.57,18.97,26.97,29.5,-0.0,0.0,0.0,0.0,-2.17,-1.36,-0.98,-1.08
BIO0315,4.15,21.38,17.45,4.52,2.63,27.13,4.66,18.48,-2.72,1.2,-2.12,2.75
BIO0316,-0.0,0.0,-0.0,-0.0,0.0,0.0,-0.0,-0.0,23.3,2.75,1.16,-1.19
BIO0317,-2.25,-4.07,21.66,0.22,0.0,0.0,0.0,-0.0,1.24,2.1,28.65,32.41
BIO0318,-0.46,1.21,0.24,1.0,0.03,-0.39,-0.83,-0.36,0.0,0.0,0.0,0.0
BIO0319,1.67,-4.06,0.13,-0.84,0.0,0.0,-0.0,0.0,0.12,-0.21,0.17,-0.0
BIO0320,38.4,18.03,19.09,22.37,23.29,30.96,18.88,25.47,21.85,33.69,-4.08,25.68
BIO0321,-0.81,-1.62,0.49,-1.48,-2.07,1.59,1.19,-3.05,0.41,1.1,-1.08,-0.21
BIO0322,0.0,-0.0,-0.0,0.0,1.65,0.23,2.55,17.27,25.18,-1.02,1.04,-1.56
BIO0323,-1.45,0.89,1.31,0.85,0.0,0.0,0.0,-0.0,0.51,-0.42,0.32,0.15
BIO0324,0.23,-0.04,-0.28,0.05,0.0,-0.0,-0.0,-0.0,2.53,-1.68,-2.48,1.41
BIO0325,-1.76,-0.3,-2.25,0.49,-0.71,18.2,0.3,34.39,0.0,0.0,-0.0,0.0
BIO0326,23.01,-3.54,0.69,29.17,2.66,21.3,-3.26,23.99,-0.72,3.19,3.31,17.08
BIO0327,0.0,0.0,-0.0,0.0,14.95,32.15,28.75,22.45,0.0,-0.0,0.0,0.0
BIO0328,-0.15,1.42,-1.39,-0.35,18.83,27.87,20.34,32.26,0.0,-0.0,-0.0,0.0
BIO0329,0.28,28.52,27.21,-1.39,-0.52,-0.43,-0.2,-0.25,-0.61,-0.09,-0.52,-0.37
BIO0330,-0.46,-0.05,-0.96,-0.04,23.49,25.74,30.92,19.05,32.72,29.9,20.72,-2.26
BIO0331,0.0,0.0,-0.0,0.0,0.17,0.42,0.71,0.3,0.0,0.0,-0.0,-0.0
BIO0332,0.0,0.0,0.0,0.0,26.35,18.8,0.54,4.81,0.17,0.15,0.09,-0.09
BIO0333,0.5,-0.59,0.59,-0.02,19.22,-0.88,2.21,0.39,30.42,30.08,23.22,16.28
BIO0334,0.0,-0.0,0.0,-0.0,25.23,23.12,-1.87,25.68,-1.14,1.81,0.51,0.74
BIO0335,-0.0,0.0,-0.0,-0.0,25.9,-2.28,18.41,-0.21,46.82,-1.34,0.03,20.81
BIO0336,-1.72,-0.78,0.45,-0.64,0.09,2.88,-1.06,16.47,0.0,-0.0,-0.0,-0.0
BIO0337,1.96,-0.25,1.95,1.14,0.0,-0.0,-0.0,0.0,-1.34,2.62,22.59,1.95
BIO0338,-0.0,-0.0,-0.0,0.0,1.5,21.91,29.73,27.46,33.78,-3.78,0.08,29.16
BIO0339,-0.0,0.0,0.0,0.0,0.59,-0.09,0.01,-0.51,28.74,-3.23,30.79,19.04
BIO0340,2.21,24.17,4.03,18.09,27.68,24.79,17.71,25.73,19.88,19.82,41.47,18.83
BIO0341,-0.17,4.63,-3.16,17.85,0.73,-0.84,-1.15,23.88,20.77,38.18,-1.56,5.39
BIO0342,-2.28,2.72,2.44,18.86,-0.0,0.0,-0.0,0.0,-0.21,0.38,-0.72,-0.08
BIO0343,-0.6,0.24,0.68,-0.17,-0.13,-0.26,-0.18,-0.14,-0.0,0.0,-0.0,-0.0
BIO0344,22.67,2.75,-1.25,25.12,20.56,18.22,30.9,27.92,-0.82,0.14,0.74,0.2
BIO0345,0.07,0.75,0.2,1.08,1.31,-1.02,-0.15,0.51,27.19,22.1,25.8,24.91
BIO0346,-0.16,0.06,-0.23,-0.25,28.9,26.98,2.23,15.69,2.76,-2.44,2.46,15.84
BIO0347,21.39,31.17,22.79,24.66,0.96,3.66,-2.22,23.25,-1.29,-0.23,21.96,-0.12
BIO0348,-0.0,-0.0,-0.0,0.0,-2.73,28.51,25.88,20.18,1.01,0.95,-0.91,0.72
BIO0349,22.4,18.26,22.08,37.26,0.37,17.71,-4.34,-1.28,23.07,32.17,4.04,23.42
BIO0350,0.16,-0.01,-0.09,0.14,0.6,0.18,-0.3,-0.32,20.16,20.76,46.43,-4.95
BIO0351,-0.0,-0.0,0.0,0.0,24.68,-1.46,20.2,-2.97,-1.02,-0.97,-0.1,0.11
BIO0352,-1.52,25.72,13.81,2.16,15.56,26.12,27.72,27.4,0.07,-0.04,0.1,-0.1
BIO0353,-0.0,0.0,0.0,-0.0,21.82,4.31,20.14,24.63,25.59,22.74,25.1,26.57
BIO0354,0.0,0.0,-0.0,0.0,15.71,29.9,16.21,31.49,20.75,27.53,40.95,-0.47
BIO0355,25.92,20.74,19.48,33.86,0.0,-0.0,-0.0,0.0,31.54,24.51,28.85,15.1
BIO0356,0.27,0.79,-0.58,-0.07,0.0,-0.0,0.0,-0.0,-0.0,0.0,-0.0,0.0
BIO0357,-0.0,-0.0,0.0,-0.0,-0.44,-0.37,0.25,-0.13,0.0,0.0,0.0,-0.0
BIO0358,0.0,-0.0,0.0,0.0,15.14,29.54,-3.74,23.17,-3.81,18.16,-2.59,0.44
BIO0359,-0.0,0.0,0.0,-0.0,0.66,-0.85,0.96,0.73,1.67,1.35,-3.18,3.59
BIO0360,-0.7,-1.52,-1.83,1.25,0.5,0.32,0.42,0.36,31.84,27.37,-2.34,2.35
BIO0361,14.7,30.33,29.23,2.34,0.32,-0.32,0.1,-0.16,0.0,-0.0,-0.0,0.0
BIO0362,3.53,2.62,0.92,1.33,-1.68,-0.14,-0.95,-0.32,3.01,34.69,28.59,-1.91
BIO0363,-0.0,0.0,0.0,-0.0,14.83,1.73,-0.56,-1.89,0.1,0.8,-0.73,0.17
BIO0364,0.0,0.0,-0.0,0.0,-0.0,0.0,-0.0,-0.0,-0.78,16.93,35.92,38.17
BIO0365,25.02,16.53,-2.08,25.86,0.0,0.0,0.0,0.0,-0.0,-0.0,0.0,-0.0
BIO0366,0.0,0.0,-0.0,-0.0,-0.79,-0.25,1.33,-0.93,22.84,30.03,1.85,35.28
BIO0367,0.81,0.74,-0.63,-0.33,0.85,-0.66,-0.29,0.3,31.69,1.53,35.79,2.49
BIO0368,-0.0,0.0,0.0,0.0,25.08,0.64,26.2,18.78,0.0,0.0,0.0,0.0
BIO0369,19.76,-0.58,2.57,2.09,-1.83,26.79,-0.66,15.81,19.46,-1.84,2.51,-0.59
BIO0370,29.35,14.51,-0.53,31.51,-0.0,0.0,0.0,0.0,-0.0,-0.0,-0.0,0.0
BIO0371,-0.01,-1.0,23.97,25.72,0.0,-0.0,-0.0,0.0,0.44,0.32,0.24,-0.3
BIO0372,23.35,-4.51,19.68,22.76,-3.58,24.24,24.75,26.83,-2.14,-1.27,18.39,-1.5
BIO0373,-0.0,-0.0,0.0,0.0,0.94,-0.34,-0.23,0.19,-3.07,-1.1,1.92,-0.91
BIO0374,0.8,22.49,-2.93,16.08,-1.83,-0.68,-0.61,0.48,21.19,16.71,24.28,37.81
BIO0375,0.08,-0.38,-1.08,0.25,0.0,0.0,-0.0,0.0,23.29,20.96,39.97,15.79
BIO0376,20.74,-2.06,0.48,-1.52,0.77,22.48,-2.16,25.99,0.0,0.0,0.0,0.0
BIO0377,0.2,-0.16,-0.2,0.15,0.0,-0.0,-0.0,0.0,-0.86,-0.13,24.97,1.14
BIO0378,1.3,-1.24,-0.22,1.34,-2.34,-2.47,1.28,-1.12,-0.59,28.33,22.63,32.35
BIO0379,0.0,-0.0,-0.0,0.0,2.43,-0.63,-1.38,18.76,-0.0,0.0,-0.0,-0.0
BIO0380,0.0,-0.0,-0.0,-0.0,0.65,-1.9,19.37,-0.48,0.4,-1.44,1.52,-0.74
BIO0381,0.2,-0.1,-0.23,-0.26,-0.0,-0.0,-0.0,-0.0,-0.0,0.0,0.0,0.0
BIO0382,3.91,-1.4,26.93,18.96,15.64,30.96,28.23,25.18,27.87,32.34,29.66,3.13
BIO0383,1.28,1.55,-0.53,-0.04,-0.0,-0.0,0.0,-0.0,-0.28,0.91,-1.3,0.91
BIO0384,4.62,17.52,26.45,1.52,33.03,19.82,3.91,19.34,31.41,23.84,23.89,20.86
BIO0385,23.06,-2.76,23.63,20.14,1.35,-1.52,-0.84,1.89,20.97,27.82,23.45,27.76
BIO0386,15.11,-3.21,-2.01,31.96,32.85,18.58,15.76,32.8,0.0,-0.0,0.0,0.0
BIO0387,-2.18,-0.25,-0.49,-2.67,0.0,0.0,0.0,-0.0,-1.15,1.91,0.95,0.89
BIO0388,0.7,1.19,1.33,-0.17,17.18,26.21,28.72,26.98,0.19,-0.15,0.13,-0.43
BIO0389,-0.34,0.07,-0.11,-0.29,-0.0,-0.0,-0.0,0.0,18.67,-3.59,2.38,-0.76
BIO0390,17.24,2.76,18.7,-2.11,-0.12,-2.36,1.31,0.01,-0.24,0.88,0.83,0.85
BIO0391,26.78,2.5,18.8,-1.91,0.45,0.14,-0.09,-0.02,-0.13,0.0,-0.12,-0.05
BIO0392,0.0,0.0,-0.0,-0.0,14.75,-3.38,-4.82,0.95,0.0,0.0,-0.0,-0.0
BIO0393,0.15,-0.77,-2.22,1.27,0.86,0.74,-0.87,-0.04,-1.71,27.89,30.29,-3.01
BIO0394,-0.0,0.0,0.0,0.0,-0.08,-0.4,-0.79,-0.53,0.0,0.0,0.0,0.0
BIO0395,19.9,-3.58,1.15,-4.16,31.97,-0.83,1.0,-0.4,1.68,-1.93,0.95,0.63
BIO0396,0.0,-0.0,-0.0,0.0,19.79,2.46,0.3,-1.24,24.3,27.5,30.88,17.32
BIO0397,0.91,21.5,22.73,24.95,0.0,-0.0,-0.0,-0.0,27.64,-4.26,33.08,-3.82
BIO0398,0.55,22.96,1.43,1.46,18.7,30.25,20.53,30.53,0.38,11.05,-1.61,-1.26
BIO0399,24.06,2.71,-2.55,21.08,-0.58,0.54,-0.57,-0.61,-4.49,22.13,35.33,34.55
BIO0400,-0.26,0.01,0.6,-0.53,23.93,20.88,27.92,26.97,30.89,23.42,-3.63,36.86
BIO0401,-0.0,0.0,0.0,-0.0,29.03,31.65,14.38,24.93,-0.0,-0.0,-0.0,0.0
BIO0402,20.71,0.7,-0.92,-0.66,-1.15,-0.9,0.8,-2.65,0.84,0.48,0.79,0.39
BIO0403,0.29,1.5,-3.52,0.48,-2.5,21.37,2.95,19.19,22.9,30.5,30.63,15.97
BIO0404,26.49,1.57,13.67,30.57,30.73,27.79,-0.2,17.78,2.57,-2.74,1.07,15.42
BIO0405,1.18,0.96,-0.42,-0.34,-0.0,-0.0,-0.0,-0.0,1.47,1.38,1.03,0.43
BIO0406,-1.76,14.64,-1.86,2.84,1.23,0.94,0.82,24.32,-0.84,-3.57,23.67,28.22
BIO0407,-0.0,-0.0,0.0,0.0,-0.96,0.57,0.35,-0.62,25.32,26.04,40.73,-2.21
BIO0408,-0.88,-0.45,-0.09,-0.38,0.0,0.0,0.0,0.0,34.51,31.49,14.18,19.83
BIO0409,23.79,16.17,32.95,26.89,-1.45,30.94,3.02,14.69,1.58,0.61,20.11,-2.7
BIO0410,-1.22,-0.21,26.61,1.36,-1.94,18.59,3.22,24.75,20.84,20.53,37.6,21.03
BIO0411,30.47,26.33,18.47,1.33,0.0,-0.0,0.0,-0.0,32.03,-2.11,27.93,2.02
BIO0412,0.0,-0.0,0.0,0.0,0.0,-0.0,0.0,-0.0,-1.51,1.55,1.74,11.1
BIO0413,-0.0,-0.0,-0.0,0.0,-0.6,-0.52,0.56,-0.12,-0.43,-0.37,0.39,-0.01
BIO0414,1.73,17.04,2.4,3.83,33.55,18.93,20.7,24.63,-0.0,0.0,-0.0,0.0
BIO0415,-0.0,0.0,0.0,-0.0,-0.0,-0.0,0.0,-0.0,37.45,-4.98,18.02,4.46
BIO0416,0.0,0.0,0.0,0.0,0.09,0.36,-0.3,0.25,0.13,2.29,0.67,-1.62
BIO0417,-0.0,0.0,0.0,-0.0,-0.0,0.0,0.0,-0.0,19.55,39.3,28.34,-5.11
BIO0418,19.13,-1.69,25.99,24.98,-1.7,1.26,2.42,-0.61,14.65,29.77,25.69,29.88
BIO0419,0.0,0.0,0.0,-0.0,19.58,22.85,3.9,28.17,-0.54,-0.26,-0.5,-0.61
BIO0420,-0.0,-0.0,-0.0,-0.0,0.82,-0.08,-1.17,1.13,-1.38,34.42,34.39,17.81
BIO0421,-0.1,-0.74,17.86,4.0,21.9,2.54,-2.54,-2.22,0.31,-2.26,-2.2,-1.63
BIO0422,-2.72,1.26,26.53,15.79,0.0,-0.0,-0.0,-0.0,0.63,-0.25,-0.65,-0.07
BIO0423,18.12,29.44,27.8,22.84,-0.0,0.0,-0.0,0.0,31.53,19.49,31.56,17.42
BIO0424,-1.65,-2.29,-1.7,-0.45,29.35,2.74,15.9,24.01,-0.0,0.0,0.0,-0.0
BIO0425,0.0,0.0,-0.0,0.0,0.0,0.0,0.0,-0.0,-0.14,-1.57,0.92,-0.77
BIO0426,0.13,-1.99,-1.58,-1.7,0.89,-0.61,-0.26,-0.14,-0.77,-4.19,-1.93,-0.01
BIO0427,33.39,26.06,15.22,25.33,21.05,28.12,25.94,22.6,-0.24,0.15,0.16,-0.15
BIO0428,-0.64,0.44,0.64,-0.88,0.0,-0.0,0.0,-0.0,2.63,-0.64,1.1,-5.03
BIO0429,0.0,-0.0,0.0,0.0,27.47,22.4,27.53,22.6,0.07,0.09,0.31,0.03
BIO0430,-0.51,-1.73,-1.17,-1.29,-3.78,-0.33,0.19,24.4,-0.31,3.01,-3.76,0.93
BIO0431,0.25,0.38,-0.45,0.12,-0.0,0.0,-0.0,0.0,-0.0,0.0,-0.0,0.0
BIO0432,2.36,-1.81,2.28,-0.65,-0.18,-0.25,0.31,-0.06,1.23,-1.15,0.9,-1.32
BIO0433,0.61,0.76,-0.82,0.5,20.89,25.12,-0.0,24.39,22.61,30.0,26.49,20.9
BIO0434,0.04,0.28,-1.05,0.13,18.43,29.02,28.29,23.56,30.18,27.46,13.61,28.75
BIO0435,2.12,2.25,0.22,-2.61,-0.27,0.36,-0.29,0.27,23.72,-3.21,31.61,3.56
BIO0436,28.8,22.29,-4.48,2.43,28.51,17.81,19.17,32.51,0.25,-1.38,-1.92,2.05
BIO0437,29.46,21.31,19.98,29.26,16.65,30.38,23.99,27.28,0.0,0.0,-0.0,-0.0
BIO0438,22.75,21.13,24.25,31.87,1.28,23.92,-5.38,20.72,-0.0,0.0,0.0,-0.0
BIO0439,0.0,-0.0,-0.0,0.0,18.68,2.48,24.62,-0.01,2.98,-0.23,1.17,1.01
BIO0440,0.05,-0.39,0.09,-0.07,-0.33,0.16,-0.18,0.34,34.5,2.42,29.15,20.73
BIO0441,22.27,2.12,17.64,37.67,0.0,0.0,-0.0,0.0,0.0,-0.0,-0.0,-0.0
BIO0442,0.38,1.05,1.28,12.69,23.85,0.97,22.85,3.13,-0.0,-0.0,-0.0,0.0
BIO0443,0.0,-0.0,0.0,0.0,-0.83,1.93,1.17,-0.57,26.33,34.23,-2.04,23.29
BIO0444,-1.57,-0.29,2.04,1.4,28.6,-1.21,31.75,20.04,-1.02,0.31,-0.3,-0.77
BIO0445,1.94,0.58,0.03,0.54,-0.0,0.0,0.0,0.0,0.0,0.0,0.0,-0.0
BIO0446,30.51,12.76,20.95,32.98,-3.43,17.78,24.98,31.11,-2.57,-3.17,20.54,0.62
BIO0447,0.0,-0.0,0.0,-0.0,17.95,2.24,25.67,34.84,-0.0,0.0,-0.0,0.0
BIO0448,-0.5,0.64,0.09,0.67,0.34,0.75,-0.75,0.46,-2.8,22.19,33.89,34.72
BIO0449,-0.32,19.2,-1.57,1.61,-0.0,-0.0,-0.0,-0.0,-0.01,-0.07,0.05,0.07
BIO0450,0.1,0.09,0.06,-0.05,-1.09,19.63,-1.29,0.19,0.0,0.0,-0.0,-0.0
BIO0451,20.91,30.04,21.82,24.03,-0.0,0.0,-0.0,-0.0,-1.2,34.2,27.0,24.5
BIO0452,-3.79,-3.49,16.17,-0.36,15.99,-1.34,-1.97,4.2,1.02,16.32,2.44,-2.82
BIO0453,4.38,24.34,0.76,1.22,-1.59,30.45,2.19,17.67,34.37,3.13,21.93,38.16
BIO0454,0.0,0.0,0.0,0.0,2.01,4.52,0.89,14.78,0.04,-2.15,18.63,-0.08
BIO0455,-0.95,1.0,1.03,-0.03,-0.0,0.0,0.0,-0.0,0.31,0.16,0.44,0.29
BIO0456,14.75,28.24,27.58,26.93,-1.01,-0.69,0.29,1.21,30.13,-1.73,35.45,18.39
BIO0457,-0.22,0.5,-0.27,0.1,0.93,0.59,0.95,-0.23,16.73,20.83,38.47,23.97
BIO0458,-0.0,-0.0,-0.0,0.0,-0.0,0.0,-0.0,-0.0,-2.47,-0.41,27.75,3.77
BIO0459,-0.64,1.08,-0.24,-0.44,26.95,23.11,19.47,-3.67,-2.66,27.41,30.38,-2.65
BIO0460,16.08,22.16,28.49,33.27,0.71,-1.21,0.1,-0.38,18.32,-1.22,1.38,0.58
BIO0461,-1.18,3.2,16.09,-2.23,1.97,21.12,-0.54,24.47,35.79,43.01,19.64,-1.06
BIO0462,-0.0,-0.0,0.0,-0.0,0.01,0.02,0.05,-0.02,-0.0,-0.0,-0.0,-0.0
BIO0463,0.16,0.0,0.19,-0.15,-0.03,0.02,-0.03,-0.02,33.87,0.35,21.09,2.5
BIO0464,0.57,-1.16,-2.43,-1.24,0.0,-0.0,-0.0,0.0,-0.0,-0.0,-0.0,0.0
BIO0465,21.31,1.63,21.0,32.45,28.11,0.17,20.57,-0.66,-0.18,0.62,-0.58,-0.11
BIO0466,0.44,0.09,0.55,0.02,36.54,28.84,18.61,15.11,0.17,0.13,-0.41,0.49
BIO0467,2.52,19.18,24.58,-3.12,1.06,2.0,-0.22,0.21,18.35,1.45,2.26,-1.14
BIO0468,24.9,27.59,16.98,30.53,1.17,-0.04,1.14,-1.15,-0.0,0.0,0.0,-0.0
BIO0469,-0.03,0.01,0.02,0.03,-0.77,-0.52,0.22,-1.29,2.99,26.43,4.54,-3.73
BIO0470,18.96,20.44,25.34,35.26,3.22,-2.24,18.47,-0.57,33.69,16.1,33.31,16.91
BIO0471,29.74,14.97,33.23,22.06,-0.28,1.69,0.86,-0.37,-2.31,0.16,0.76,1.26
BIO0472,25.93,22.01,0.24,22.82,0.0,-0.0,-0.0,-0.0,0.0,-0.0,0.0,0.0
BIO0473,-1.74,3.57,17.57,23.92,20.64,30.8,28.29,20.27,2.09,2.47,-3.49,0.75
BIO0474,19.2,27.41,30.37,3.32,18.47,29.77,14.93,35.03,28.0,2.96,40.32,21.81
BIO0475,28.0,15.65,4.0,4.14,-2.07,3.05,16.9,2.68,-0.85,9.71,1.84,2.41
BIO0476,0.85,2.34,3.48,0.83,15.82,27.76,25.34,31.07,16.91,30.44,22.33,30.32
BIO0477,26.53,-0.2,15.7,28.98,27.43,22.92,1.34,28.12,0.0,-0.0,-0.0,0.0
BIO0478,0.0,0.0,0.0,-0.0,14.16,23.19,36.68,3.47,36.86,29.77,17.7,15.67
BIO0479,0.14,-0.43,-0.61,-1.33,-0.0,-0.0,-0.0,0.0,0.34,0.57,-0.64,0.24
BIO0480,15.39,31.43,23.88,26.9,21.73,15.9,28.42,33.95,0.0,-0.0,0.0,-0.0
BIO0481,0.16,-0.63,0.13,0.38,28.8,34.21,20.75,16.24,0.0,0.0,0.0,0.0
BIO0482,-0.99,-0.9,-1.04,0.38,0.44,-1.17,-0.5,-0.59,-0.35,-1.06,26.62,2.87
BIO0483,0.0,-0.0,-0.0,0.0,1.28,13.94,-2.17,2.4,-0.04,-0.06,0.17,0.13
BIO0484,1.5,31.15,-3.02,15.44,0.72,1.19,1.09,0.0,0.0,0.06,0.01,-0.03
BIO0485,0.86,15.88,-1.41,-0.06,21.79,0.1,-5.01,26.2,34.87,31.98,24.36,3.89
BIO0486,-0.0,-0.0,0.0,-0.0,14.97,2.42,3.41,26.6,0.98,0.36,1.04,-0.01
BIO0487,-2.77,3.25,20.74,21.84,0.0,0.0,-0.0,0.0,0.77,1.17,-0.2,1.36
BIO0488,0.0,0.0,0.0,0.0,17.85,35.55,25.58,20.63,0.0,-0.0,-0.0,-0.0
BIO0489,18.31,29.41,15.82,33.95,2.83,-1.24,28.1,17.73,0.39,0.41,0.28,-0.32
BIO0490,-0.0,0.0,-0.0,-0.0,24.32,31.94,23.43,20.32,26.56,-0.97,34.84,-5.74
BIO0491,0.82,-0.21,-0.96,-1.12,0.0,0.0,0.0,-0.0,36.88,3.89,26.28,-4.25
BIO0492,-0.0,0.0,-0.0,0.0,30.63,28.85,13.72,23.49,0.03,-1.37,20.83,-1.47
BIO0493,21.69,20.63,0.1,-2.98,27.48,31.97,20.66,19.18,-0.0,-0.0,0.0,-0.0
BIO0494,23.07,30.37,24.07,20.89,12.63,-3.92,26.36,-3.2,19.72,-0.8,-2.27,3.11
BIO0495,0.22,0.51,0.22,-0.55,0.0,0.0,-0.0,0.0,-0.24,0.1,0.51,0.55
BIO0496,-0.0,0.0,0.0,-0.0,-2.05,-1.61,24.5,2.45,0.0,-0.0,-0.0,-0.0
BIO0497,16.06,-0.34,-2.77,1.73,0.02,0.01,0.03,0.04,-0.83,19.35,3.58,1.24
BIO0498,17.37,14.4,35.91,31.92,-0.25,-0.32,0.41,-0.23,-0.06,0.16,-0.65,-0.23
BIO0499,0.19,0.43,0.39,0.49,26.13,24.85,25.43,19.3,31.23,-1.59,3.45,34.83
BIO0500,0.86,-0.01,-0.9,-1.43,23.44,29.51,20.91,18.64,-0.0,0.0,-0.0,-0.0
